Industry,Region,Year,ESG_Overall,ESG_Environmental,CarbonEmissions,WaterUsage,EnergyConsumption
Technology,Africa,2015,54.2,97.6,11.77642446999145,11.26560320024684,12.469567808752082
Technology,Africa,2016,54.6,98.9,11.789722004403586,11.27890168808474,12.482865393912611
Technology,Africa,2017,55.9,100.0,11.830864154386644,11.320043139043564,12.524007332877884
Technology,Africa,2018,55.6,99.7,11.918397239722838,11.407576060361786,12.611541086966115
Technology,Africa,2019,56.0,100.0,12.002951060200752,11.492129724700566,12.696095177702437
Technology,Africa,2020,58.4,100.0,11.938773424169048,11.427952372902153,12.63191733864541
Technology,Africa,2021,60.0,100.0,11.88178606135044,11.37096550873149,12.574929784295387
Technology,Africa,2022,60.5,100.0,11.869078472723965,11.35825798495809,12.562222151450525
Technology,Africa,2023,62.6,100.0,11.892083558041376,11.38126204089135,12.58522697418854
Technology,Africa,2024,63.5,100.0,12.00688301940982,11.496061056877226,12.700027148931696
Technology,Africa,2025,64.1,100.0,12.164688513873774,11.65386671169258,12.85783334936309
Technology,North America,2015,59.8,37.8,11.15170161901837,10.640886040794562,11.84484234167648
Technology,North America,2016,58.8,38.0,11.317698591650228,10.80688147695521,12.010839086460756
Technology,North America,2017,60.2,37.2,11.492592136877288,10.981772976519647,12.185734214716923
Technology,North America,2018,63.5,40.8,11.676189916497382,11.165370238279513,12.369332850215597
Technology,North America,2019,63.3,40.5,11.898854990122699,11.388033218653748,12.591998431674266
Technology,North America,2020,63.1,39.7,12.015385998724577,11.504564610230352,12.708529851558406
Technology,North America,2021,63.8,39.7,12.220155021772756,11.709333177728835,12.913299983793527
Technology,North America,2022,65.3,43.5,12.251157859602149,11.740335103580108,12.944302650369186
Technology,North America,2023,63.3,45.0,12.327280476540846,11.816458248526786,13.020425663936681
Technology,North America,2024,63.2,45.6,12.459836571340992,11.949013533821471,13.152981812211694
Technology,North America,2025,63.5,48.4,12.581745677523893,12.070922228707282,13.274891141015196
Technology,Latin America,2015,62.2,81.7,14.241117190184971,13.73029204555929,14.934264076726883
Technology,Latin America,2016,64.8,79.6,14.405335699316334,13.894510445166423,15.098482630385348
Technology,Latin America,2017,65.0,79.2,14.486093315980058,13.975268033154318,15.17924024083474
Technology,Latin America,2018,65.1,79.7,14.562068923597169,14.051243647427498,15.255215867159551
Technology,Latin America,2019,64.2,77.8,14.680448456836386,14.169623071681064,15.373595405803568
Technology,Latin America,2020,65.8,81.3,14.728642425876933,14.217817082996783,15.421789405804086
Technology,Latin America,2021,67.0,81.8,14.73062816199296,14.219802845253561,15.423775162341604
Technology,Latin America,2022,67.1,79.8,14.913487177971197,14.402661798805056,15.606634191758483
Technology,Latin America,2023,67.4,79.5,15.061516837071819,14.55069141466172,15.7546638738061
Technology,Latin America,2024,68.6,77.8,15.16726989094256,14.656444439699602,15.860416942110211
Technology,Latin America,2025,69.6,80.9,15.015200092171844,14.504374679307247,15.70834712208791
Technology,Latin America,2015,48.7,91.8,14.473994189705891,13.963168893775768,15.16714111144797
Technology,Latin America,2016,48.9,91.9,14.510965573423448,14.000140282222345,15.20411247961728
Technology,Latin America,2017,49.9,91.8,14.525256415118134,14.014431086413596,15.218403325205005
Technology,Latin America,2018,51.2,94.5,14.589411992988286,14.07858664594836,15.282558942943117
Technology,Latin America,2019,51.0,93.0,14.752234463396563,14.241409140094607,15.445381467597144
Technology,Latin America,2020,52.0,91.9,14.822927638706192,14.3121022583808,15.516074636685648
Technology,Latin America,2021,52.9,89.0,15.075184221079363,14.56435877701954,15.768331259765993
Technology,Latin America,2022,54.6,87.9,15.112220744377922,14.601395293784154,15.805367801894429
Technology,Latin America,2023,56.1,89.8,15.226929023934213,14.71610356269969,15.920076094785404
Technology,Latin America,2024,55.2,88.1,15.322715015939911,14.811889547243792,16.015862096812068
Technology,Latin America,2025,57.1,91.2,15.440600476162386,14.929774977095901,16.133747558275342
Technology,North America,2015,59.6,96.8,11.662679924136095,11.15185946587281,12.355822800090069
Technology,North America,2016,61.5,98.4,11.792546131426459,11.281725800139894,12.485689531626809
Technology,North America,2017,61.1,97.2,11.72801668309361,11.217196435765649,12.421159831306063
Technology,North America,2018,62.0,96.8,11.835547225048046,11.324726671003397,12.528690784362723
Technology,North America,2019,62.1,96.0,11.889982182193213,11.379160902306543,12.58312593336142
Technology,North America,2020,61.9,96.3,11.972808680149466,11.461987896778297,12.665953019597191
Technology,North America,2021,61.9,97.8,12.045477746251535,11.534655645106938,12.738621697730968
Technology,North America,2022,63.1,100.0,12.053089284121588,11.542267738916845,12.746233551413315
Technology,North America,2023,63.4,100.0,12.13980730095752,11.628985238885862,12.83295181023839
Technology,North America,2024,65.0,100.0,12.116870871371235,11.606048709719825,12.810015045348267
Technology,North America,2025,65.8,100.0,12.276243556189756,11.765421195239114,12.969388406160792
Technology,Middle East,2015,49.8,84.2,12.792881054317993,12.28205728421461,13.486026983653737
Technology,Middle East,2016,49.7,84.8,12.7834449913977,12.2726213324301,13.476590908870925
Technology,Middle East,2017,50.9,85.4,12.870464321118913,12.35964058416819,13.563610343858635
Technology,Middle East,2018,51.3,88.1,12.888394442489945,12.377570419289308,13.581540359443855
Technology,Middle East,2019,51.7,86.5,12.866043528595412,12.35521954157163,13.559189416988563
Technology,Middle East,2020,52.7,88.2,12.882086891989674,12.371262878916582,13.575232673787893
Technology,Middle East,2021,55.4,89.5,12.964638818873745,12.453814756231404,13.657784711504844
Technology,Middle East,2022,55.8,87.1,13.00142210977948,12.490597990757193,13.694568048924165
Technology,Middle East,2023,56.8,88.4,12.98561538850487,12.474791293456606,13.678761422524987
Technology,Middle East,2024,56.6,88.3,13.089762909985804,12.578938457108505,13.782908954093651
Technology,Middle East,2025,56.7,91.0,13.07122417640694,12.560399885767952,13.764370304496943
Technology,Latin America,2015,74.6,98.8,11.132917555131076,10.622100217675637,11.826057424183514
Technology,Latin America,2016,76.4,100.0,11.219631676250868,10.708815438297417,11.912772152605063
Technology,Latin America,2017,77.6,99.5,11.31807656768424,10.807258234655855,12.011217065021354
Technology,Latin America,2018,76.6,99.7,11.339380084633344,10.828561597929882,12.032520722841225
Technology,Latin America,2019,78.0,100.0,11.477504483683727,10.966685076233079,12.170645965920663
Technology,Latin America,2020,77.8,99.5,11.619018212480867,11.10819858430512,12.3121604466518
Technology,Latin America,2021,78.3,100.0,11.61938237936324,11.1085627490045,12.312525064844172
Technology,Latin America,2022,79.9,100.0,11.67977291290088,11.16895236709426,12.372915861808318
Technology,Latin America,2023,79.6,100.0,11.801913684041008,11.291093553080815,12.495057119488793
Technology,Latin America,2024,80.8,100.0,11.923976277279662,11.413154852208738,12.617119811590115
Technology,Latin America,2025,81.7,100.0,12.024882248733457,11.51406082021048,12.718026432680475
Technology,Latin America,2015,50.6,90.4,10.856357049150786,10.345544922443882,11.549494588842705
Technology,Latin America,2016,51.3,90.2,10.902883375121693,10.392070634834758,11.596022273357452
Technology,Latin America,2017,51.9,91.8,11.067397449162495,10.556583274969721,11.760537603783062
Technology,Latin America,2018,52.9,93.1,11.214682488636832,10.703866746409163,11.90782360547719
Technology,Latin America,2019,52.2,93.6,11.22965232554018,10.718834666548647,11.922792205001144
Technology,Latin America,2020,51.7,96.8,11.252147541598106,10.74133013808114,11.945287583465918
Technology,Latin America,2021,51.4,95.1,11.372267020857448,10.861449837953055,12.065409021762504
Technology,Latin America,2022,51.7,92.9,11.4772019096259,10.966382849510655,12.170343390138406
Technology,Latin America,2023,52.1,95.5,11.637881821839583,11.127061493272084,12.331024148442948
Technology,Latin America,2024,51.6,92.8,11.714778370437578,11.203958467161115,12.40792187352269
Technology,Latin America,2025,52.2,92.0,11.78862123789047,11.277800421390433,12.481764243700704
Technology,Asia,2015,62.3,92.3,11.312726658151115,10.8019095858678,12.005867730464379
Technology,Asia,2016,61.3,93.2,11.340808860076098,10.82999194692526,12.033950695448272
Technology,Asia,2017,61.8,92.4,11.513579251205424,11.002759623500022,12.206720935344913
Technology,Asia,2018,61.9,91.7,11.655440136845796,11.144620294228634,12.348582547932796
Technology,Asia,2019,61.2,89.7,11.77230836651171,11.261487886249474,12.465451689426478
Technology,Asia,2020,60.3,90.2,11.926739622564588,11.415918847028077,12.619883497500046
Technology,Asia,2021,61.2,92.0,12.060116961476954,11.549295001996455,12.753261249170448
Technology,Asia,2022,60.8,90.9,12.239402000199034,11.728579439291524,12.932546762706183
Technology,Asia,2023,60.9,88.5,12.39248499029642,11.881662271285784,13.085630096025946
Technology,Asia,2024,62.1,91.4,12.460949720043823,11.950126937983583,13.154094963072488
Technology,Asia,2025,60.6,91.6,12.563533430614855,12.052709905197045,13.2566786876851
Technology,North America,2015,70.5,77.5,11.342272366163742,10.83145583563047,12.03541420935293
Technology,North America,2016,70.9,77.0,11.386623874230388,10.875805058187078,12.079764814337164
Technology,North America,2017,72.5,78.8,11.39434686293482,10.883528369814071,12.087488976952772
Technology,North America,2018,72.8,77.5,11.464222496999097,10.953404922498812,12.157364952959865
Technology,North America,2019,73.1,76.8,11.544530715496666,11.033711550969649,12.237673051600003
Technology,North America,2020,73.2,77.0,11.646600222317538,11.135781014277775,12.339743028495091
Technology,North America,2021,71.3,74.8,11.617170158329834,11.106350240911299,12.310312833855628
Technology,North America,2022,72.4,77.4,11.689949682270704,11.179129643552423,12.383092674024397
Technology,North America,2023,72.9,76.9,11.794872121322474,11.284051777739991,12.488015153147245
Technology,North America,2024,74.8,79.5,11.904157089274305,11.393336424468412,12.597300888710993
Technology,North America,2025,75.7,81.0,11.976154322184493,11.465332683651745,12.66929835649645
Technology,North America,2015,65.8,91.2,12.469628891612922,11.95880544473538,13.162773959306017
Technology,North America,2016,66.0,89.0,12.68002067289953,12.169197020507019,13.373166141474092
Technology,North America,2017,64.9,88.0,12.739931554744883,12.229107787714083,13.433077122874101
Technology,North America,2018,65.3,89.4,12.928968901490714,12.418144733757272,13.622114868688582
Technology,North America,2019,65.3,87.9,12.93459782894181,12.423773813908666,13.627743802950423
Technology,North America,2020,65.5,88.5,12.922275001250263,12.41145092472997,13.615420960298756
Technology,North America,2021,64.9,87.3,12.939053091979275,12.428228909636719,13.632199071351438
Technology,North America,2022,65.4,88.2,12.962698958148186,12.451875133160176,13.655845082902157
Technology,North America,2023,67.3,89.8,12.999469830301413,12.488645563451351,13.692615880096678
Technology,North America,2024,68.5,93.2,13.168606682030989,12.657782140381986,13.861752907780854
Technology,North America,2025,69.3,92.6,13.323757883579566,12.812933458944597,14.016904246549354
Technology,Latin America,2015,44.1,67.0,12.56601061002222,12.055186963126497,13.259155871851402
Technology,Latin America,2016,44.3,67.9,12.547755568628697,12.036932431866777,13.240900795109676
Technology,Latin America,2017,44.4,68.3,12.579470380896542,12.068647395960696,13.27261601257468
Technology,Latin America,2018,47.3,75.4,12.513434543620672,12.00261161626058,13.206580069564307
Technology,Latin America,2019,47.9,77.9,12.462036470816637,11.951213298585891,13.155181715949775
Technology,Latin America,2020,47.0,77.1,12.446547930859214,11.935724796894702,13.13969294921811
Technology,Latin America,2021,47.6,76.8,12.388217520050068,11.877394952374873,13.081362616906388
Technology,Latin America,2022,48.1,76.3,12.291334785162476,11.780512222296926,12.984479670040942
Technology,Latin America,2023,48.8,77.7,12.45963947968381,11.948816313336414,13.152784720172178
Technology,Latin America,2024,48.7,74.3,12.498693377701283,11.987869992848196,13.191838505919996
Technology,Latin America,2025,50.7,75.4,12.359922708748215,11.849099800080335,13.053067960155023
Technology,Middle East,2015,63.8,96.4,11.236762129742766,10.725946611076402,11.929903379001026
Technology,Middle East,2016,63.2,94.4,11.351297902792423,10.8404805069493,12.044439206223158
Technology,Middle East,2017,62.6,96.4,11.360546714348773,10.849729242758277,12.053688071885533
Technology,Middle East,2018,63.0,94.0,11.477009126353089,10.966189376461537,12.17015060576661
Technology,Middle East,2019,65.0,99.4,11.536096921188662,11.025277485671479,12.22923921626197
Technology,Middle East,2020,65.2,100.0,11.58216510600707,11.071346013941053,12.275308087594503
Technology,Middle East,2021,66.6,100.0,11.709001165046846,11.198181842877748,12.402144646824903
Technology,Middle East,2022,68.9,100.0,11.852195213475026,11.341374100870658,12.545339188723556
Technology,Middle East,2023,70.3,99.3,11.88358930643573,11.372768744680522,12.576733035609996
Technology,Middle East,2024,70.6,97.3,11.960202797159488,11.449381648949448,12.653347100565743
Technology,Middle East,2025,72.3,95.6,11.993572254314444,11.48275075309528,12.686716652145673
Technology,Oceania,2015,78.0,96.4,13.883863731554815,13.373038823802009,14.577010491845913
Technology,Oceania,2016,76.5,94.2,13.94085983065389,13.430034824419815,14.63400661422883
Technology,Oceania,2017,76.0,92.7,14.036357955133074,13.525532919382202,14.729504734773423
Technology,Oceania,2018,77.1,92.9,13.981782675432308,13.47095770089153,14.674929432584278
Technology,Oceania,2019,77.4,94.5,14.065795078294235,13.554969999533556,14.758941869564488
Technology,Oceania,2020,77.0,96.3,14.074183324923515,13.563358293081999,14.767330158049367
Technology,Oceania,2021,76.6,96.8,14.179323257409335,13.668498073823443,14.87247009045854
Technology,Oceania,2022,77.2,100.0,14.197478695084355,13.68665348082836,14.890625534385842
Technology,Oceania,2023,77.8,98.3,14.080478276655723,13.569653113228057,14.773625073600238
Technology,Oceania,2024,76.2,95.5,14.176748784274634,13.66592364827761,14.869895616428028
Technology,Oceania,2025,75.6,94.7,14.2677501493277,13.756924949696101,14.960896979976637
Technology,Europe,2015,67.3,67.9,11.559169533444296,11.04835027505068,12.25231146254153
Technology,Europe,2016,68.4,71.2,11.674660737489067,11.163840217708268,12.367803239373035
Technology,Europe,2017,68.5,72.6,11.686872889723425,11.176053148327675,12.380015868569155
Technology,Europe,2018,68.3,73.8,11.788709283097184,11.277888972156012,12.481853048254843
Technology,Europe,2019,67.3,71.3,12.027730958537505,11.51690951808053,12.720875151008869
Technology,Europe,2020,70.4,74.7,12.140509065866244,11.629686645376992,12.833653310080166
Technology,Europe,2021,70.3,78.1,12.280707371781736,11.769884377579169,12.973852000111746
Technology,Europe,2022,70.1,76.7,12.449021961390544,11.938199082710213,13.142166985092185
Technology,Europe,2023,70.7,77.3,12.561909388276417,12.051085866269178,13.255054642220292
Technology,Europe,2024,72.6,80.8,12.582166270518139,12.071342820786953,13.275311734731478
Technology,Europe,2025,72.6,80.2,12.674067070175495,12.163243429554752,13.367212685091676
Technology,Middle East,2015,55.3,97.5,12.92213207428411,12.411307997984977,13.615278155326678
Technology,Middle East,2016,55.8,96.2,13.213019288337936,12.702195004124537,13.906165646898812
Technology,Middle East,2017,58.5,99.9,13.388302168708782,12.877477669121687,14.081448582782393
Technology,Middle East,2018,59.5,99.8,13.688230101750369,13.177405197283267,14.381376714442403
Technology,Middle East,2019,58.6,98.3,13.926786512861069,13.415961515379156,14.619933290809614
Technology,Middle East,2020,59.5,100.0,14.056802349222428,13.545977196823742,14.749949136976117
Technology,Middle East,2021,61.3,100.0,14.267130615078617,13.756305415709866,14.960277509170325
Technology,Middle East,2022,63.5,100.0,14.48368638333874,13.972861084246517,15.176833281945065
Technology,Middle East,2023,63.3,100.0,14.717238728584196,14.206413348338762,15.410385706210297
Technology,Middle East,2024,64.6,100.0,14.81240026123015,14.301574895781933,15.505547275728636
Technology,Middle East,2025,64.1,100.0,15.053037038464225,14.542211608098816,15.746184088478756
Technology,Africa,2015,52.2,85.5,12.025671842906322,11.514849612610277,12.71881572979325
Technology,Africa,2016,52.9,86.7,12.123105081297565,11.61228289812978,12.816249817214747
Technology,Africa,2017,52.9,87.0,12.279486662667088,11.768663981414225,12.972631520184237
Technology,Africa,2018,51.6,85.4,12.467012049211649,11.956189121588615,13.160157303950747
Technology,Africa,2019,51.6,87.1,12.59318537422415,12.082362013837418,13.28633085724629
Technology,Africa,2020,51.2,83.6,12.827427593617237,12.31660367103394,13.52057343113617
Technology,Africa,2021,52.8,84.0,12.98119558728816,12.470371575785876,13.67434161622958
Technology,Africa,2022,53.8,88.3,13.098479617604324,12.587655495955055,13.791625773992482
Technology,Africa,2023,56.1,91.0,13.29708915920161,12.786264710997074,13.990235500073956
Technology,Africa,2024,55.6,91.9,13.392120401804329,12.881295897933045,14.085266818798983
Technology,Africa,2025,55.8,90.3,13.528735274255283,13.017910449763871,14.221881722146303
Technology,Latin America,2015,60.6,88.9,13.558201971989927,13.047377296749238,14.251348505827561
Technology,Latin America,2016,61.2,90.5,13.588405043428779,13.077580214471915,14.281551533759234
Technology,Latin America,2017,62.0,91.8,13.521814034910754,13.01098926068302,14.214960477713207
Technology,Latin America,2018,63.6,95.4,13.541870105583468,13.031045358311763,14.235016628772195
Technology,Latin America,2019,65.0,95.9,13.489342371808288,12.978517717995704,14.182488928826261
Technology,Latin America,2020,64.2,96.0,13.449256739888071,12.938432125746468,14.142403271403227
Technology,Latin America,2021,64.7,94.3,13.390400291161098,12.879575636242064,14.083546706841206
Technology,Latin America,2022,65.8,99.0,13.385564676076314,12.874740128331776,14.078711164907569
Technology,Latin America,2023,66.4,100.0,13.387737262263672,12.87691260992814,14.080883675904165
Technology,Latin America,2024,66.3,100.0,13.288261979369794,12.777437428637256,13.981408312797255
Technology,Latin America,2025,66.8,99.5,13.230091587859311,12.71926716125473,13.923237870547258
Technology,Asia,2015,62.5,99.8,12.1167992575762,11.605976731714087,12.80994370468358
Technology,Asia,2016,62.0,100.0,12.116385874682068,11.605563897014799,12.809530320659249
Technology,Asia,2017,61.2,100.0,12.090062849255137,11.579241156005478,12.783207503046425
Technology,Asia,2018,60.4,99.5,12.08383495260472,11.573012530564498,12.776979308104004
Technology,Asia,2019,61.2,100.0,12.20816046451852,11.697338167128194,12.901304900810214
Technology,Asia,2020,58.6,97.4,12.259947006098757,11.749124224982172,12.953091817778024
Technology,Asia,2021,59.0,97.4,12.256664518979564,11.745841905653222,12.949809322870225
Technology,Asia,2022,59.1,98.5,12.236736177139287,11.725913624407696,12.929880933191729
Technology,Asia,2023,58.8,99.3,12.25872676357706,11.747904302166392,12.951871335186336
Technology,Asia,2024,60.5,100.0,12.250856222609702,11.740033945553524,12.94400077360408
Technology,Asia,2025,60.2,100.0,12.242138386990154,11.73131613923754,12.935283156104994
Technology,Europe,2015,75.5,97.6,11.533435685000866,11.022616265973957,12.226577967055395
Technology,Europe,2016,74.5,95.4,11.618196776649498,11.107376853375746,12.311339456797882
Technology,Europe,2017,74.6,96.7,11.638403264297079,11.12758352101611,12.331546034470563
Technology,Europe,2018,74.9,99.0,11.633613610040268,11.122794190427248,12.326756802195833
Technology,Europe,2019,72.9,94.1,11.629131257432258,11.1183112721663,12.32227398652235
Technology,Europe,2020,72.4,94.6,11.658438663209038,11.147619091474088,12.351581088576042
Technology,Europe,2021,72.1,93.2,11.666854405929527,11.156034783476109,12.3599977284838
Technology,Europe,2022,72.8,92.4,11.732635127230134,11.221814855128713,12.425778695400306
Technology,Europe,2023,74.2,91.3,11.786384112392014,11.275563813818406,12.479527869599025
Technology,Europe,2024,74.8,92.8,11.803250541607309,11.292429655292402,12.496393608046787
Technology,Europe,2025,75.6,91.3,11.827975592213205,11.317155076700217,12.52111948888244
Technology,North America,2015,68.5,86.8,13.602128086923203,13.091303370919338,14.295274648553955
Technology,North America,2016,67.6,87.6,13.673686130127471,13.162861351435614,14.366832734500099
Technology,North America,2017,68.0,89.7,13.707651479050888,13.196826486489465,14.400798046970726
Technology,North America,2018,69.1,94.3,13.758690016450807,13.2478651688928,14.45183672070101
Technology,North America,2019,71.7,97.6,13.764616236607976,13.253791384463595,14.457762891061938
Technology,North America,2020,70.9,100.0,13.87896646203341,13.368141463944227,14.572113220261292
Technology,North America,2021,71.4,100.0,14.02473529038287,13.513910207425338,14.717882065336278
Technology,North America,2022,70.4,100.0,14.091311225238462,13.580486082149685,14.784458026316235
Technology,North America,2023,70.2,100.0,14.175614286895525,13.664789058438366,14.86876111865343
Technology,North America,2024,70.1,99.5,14.285834573380878,13.775009345321344,14.97898144154088
Technology,North America,2025,70.8,100.0,14.388517313908643,13.877692084821891,15.08166424074614
Technology,North America,2015,69.8,80.5,11.383463495286703,10.87264583899974,12.076604984751334
Technology,North America,2016,71.5,83.9,11.391915352899378,10.881097253347248,12.085056325940268
Technology,North America,2017,72.7,83.8,11.542310465701398,11.031490344494664,12.23545230551311
Technology,North America,2018,72.6,84.1,11.639427710925464,11.128607667900981,12.33257048561485
Technology,North America,2019,72.9,83.4,11.707960857350924,11.197141541740818,12.4011043352791
Technology,North America,2020,75.0,88.7,11.618504556738555,11.10768433177781,12.311647238271865
Technology,North America,2021,74.1,88.3,11.699600863359024,11.188779941289088,12.392743480486953
Technology,North America,2022,73.9,89.0,11.746304455005347,11.23548411024817,12.439447280362042
Technology,North America,2023,74.3,89.0,11.879768240859525,11.368946543624446,12.572911610360018
Technology,North America,2024,74.4,90.7,12.019124201181723,11.508302796884784,12.712268367824302
Technology,North America,2025,71.8,89.2,12.125667038683364,11.614845569193834,12.81881178085561
Technology,Europe,2015,72.3,99.8,14.119305665412329,13.608480484453478,14.812452476966174
Technology,Europe,2016,72.1,100.0,14.07984534122221,13.569020203676537,14.772992176309682
Technology,Europe,2017,73.4,100.0,14.02892129876605,13.518096213549423,14.722068035022554
Technology,Europe,2018,75.1,100.0,14.016872687058362,13.506047662877474,14.710019499690906
Technology,Europe,2019,74.7,100.0,14.034118880658545,13.52329381943789,14.727265659400198
Technology,Europe,2020,76.1,100.0,14.090984285917788,13.580159168293255,14.784131086871472
Technology,Europe,2021,76.3,100.0,14.030605808418887,13.519780722295833,14.72375258574644
Technology,Europe,2022,73.8,100.0,14.116233921899008,13.605408717626366,14.809380695303478
Technology,Europe,2023,73.8,99.0,14.176680773015121,13.665855590593935,14.869827570301789
Technology,Europe,2024,75.1,100.0,14.232555032362878,13.721729847924532,14.925701883426964
Technology,Europe,2025,75.9,98.9,14.19871451508205,13.687889323042741,14.891861320721308
Technology,Asia,2015,45.6,90.2,12.696629539391038,12.185806160668706,13.38977518923651
Technology,Asia,2016,47.3,91.9,12.719679198924453,12.20885576904651,13.412825033232533
Technology,Asia,2017,47.3,94.1,12.768962496438679,12.258138866133283,13.462108395486142
Technology,Asia,2018,49.0,95.9,12.783285549175657,12.272461796944695,13.476431466447478
Technology,Asia,2019,48.9,97.7,12.873596586851068,12.362772929495621,13.566742613211717
Technology,Asia,2020,48.7,95.2,12.930506503627035,12.419682495189218,13.62365247268914
Technology,Asia,2021,49.6,93.8,13.139865910530437,12.629041662473146,13.833012010175077
Technology,Asia,2022,50.9,93.4,13.168231944529074,12.65740778535217,13.86137816992107
Technology,Asia,2023,49.1,92.7,13.32930843870969,12.818483899028868,14.022454887511481
Technology,Asia,2024,51.1,95.3,13.394265854304813,12.883441246443057,14.087412272935905
Technology,Asia,2025,51.8,97.7,13.356920584429059,12.846095909767802,14.050066974067706
Technology,Europe,2015,61.8,64.8,11.901181340026412,11.390360011763448,12.594324790266128
Technology,Europe,2016,64.4,66.2,11.959689893660435,11.448868960977059,12.652833875742344
Technology,Europe,2017,66.1,67.4,11.901714293659857,11.39089341502443,12.594858084827042
Technology,Europe,2018,68.1,69.7,11.965726346801253,11.45490538588574,12.658870666055824
Technology,Europe,2019,68.1,71.4,11.930005524282677,11.419183854317838,12.623149409996389
Technology,Europe,2020,69.3,72.3,11.867293750617039,11.356472804283605,12.56043777389764
Technology,Europe,2021,70.5,73.5,11.818397110471654,11.307576398532236,12.511540238756513
Technology,Europe,2022,70.9,73.4,11.9188371400192,11.408015958703487,12.611980988728485
Technology,Europe,2023,70.2,71.4,11.986243595183794,11.475421916645173,12.679387972546412
Technology,Europe,2024,71.7,75.1,12.004568880940052,11.493747742380425,12.697713003393217
Technology,Europe,2025,71.1,74.8,12.030365962140586,11.519544510675109,12.72351046049815
Technology,Oceania,2015,79.9,65.8,10.997651629228875,10.486836608020164,11.690790439269454
Technology,Oceania,2016,82.2,67.5,11.054556292196123,10.54374015734155,11.747695565261107
Technology,Oceania,2017,81.2,63.0,11.212283778310615,10.701467609576829,11.905424205221394
Technology,Oceania,2018,82.0,65.9,11.15498257467,10.64416696354139,11.848122603284725
Technology,Oceania,2019,82.9,67.8,11.166945977321483,10.656129304881713,11.860086090988338
Technology,Oceania,2020,84.2,70.5,11.320199570277502,10.80938243432816,12.013340688067162
Technology,Oceania,2021,86.9,71.8,11.402693101108634,10.891873804368366,12.095834140693565
Technology,Oceania,2022,87.7,74.2,11.418134450376321,10.907316522584182,12.111276133775824
Technology,Oceania,2023,87.2,76.7,11.438182522034452,10.927363723090195,12.13132485335065
Technology,Oceania,2024,85.0,74.2,11.532162245931053,11.021343488770942,12.225304521743643
Technology,Oceania,2025,85.0,77.6,11.61156283081993,11.100742341444343,12.304705027975743
Technology,Oceania,2015,55.2,52.2,12.45564973217337,11.944826705504733,13.148795159688788
Technology,Oceania,2016,55.6,51.9,12.50237371746211,11.991550572238141,13.195518853220262
Technology,Oceania,2017,58.7,55.7,12.588376592776909,12.077553243300471,13.281522067616294
Technology,Oceania,2018,58.2,54.8,12.628093612613958,12.117270393152808,13.321239153871831
Technology,Oceania,2019,59.4,58.3,12.696746785156511,12.185922998029447,13.38989228212781
Technology,Oceania,2020,58.2,56.5,12.742666888149962,12.23184321350319,13.435812606868001
Technology,Oceania,2021,58.9,60.6,12.700461218089723,12.189637830781573,13.393606873789182
Technology,Oceania,2022,60.3,59.6,12.833655178664996,12.322831156540369,13.526801024521847
Technology,Oceania,2023,62.8,64.8,12.860466003926275,12.349642112683028,13.553612015031671
Technology,Oceania,2024,61.8,63.6,12.872621198206106,12.361797371610676,13.565767095070818
Technology,Oceania,2025,62.6,62.1,12.955177102186195,12.444353054384852,13.648323100771023
Technology,Europe,2015,72.2,70.8,11.096353402377593,10.58553839582833,11.789492240759602
Technology,Europe,2016,72.9,71.2,11.186427717326215,10.6756122582795,11.879567967336506
Technology,Europe,2017,71.8,68.9,11.364395293783897,10.853576630760479,12.057536093620588
Technology,Europe,2018,73.2,73.3,11.49174472851769,10.980925573639498,12.184886802031391
Technology,Europe,2019,73.2,76.2,11.569431499390324,11.058612491027922,12.26257442716771
Technology,Europe,2020,73.9,74.9,11.739244768241829,11.228424992523879,12.432388360209908
Technology,Europe,2021,74.7,74.7,11.907196822832972,11.396375918253476,12.600340969618411
Technology,Europe,2022,75.5,76.4,12.127918653110534,11.61709627320675,12.821063130443934
Technology,Europe,2023,76.6,77.4,12.32417118696493,11.81334852522283,13.01731592384856
Technology,Europe,2024,78.3,80.1,12.384975448372145,11.874152333164519,13.078120329414729
Technology,Europe,2025,80.6,82.9,12.48778468273197,11.976961951176984,13.180930165685906
Technology,Asia,2015,60.9,77.1,13.100330424780655,12.589506164050363,13.793476480834752
Technology,Asia,2016,62.5,78.6,13.238620449370112,12.727796071948216,13.931766828708033
Technology,Asia,2017,62.7,76.6,13.351710844574123,12.840886280877212,14.044857309586805
Technology,Asia,2018,62.9,76.2,13.373257495144912,12.862432908851389,14.066403975410333
Technology,Asia,2019,63.8,79.3,13.532431608202128,13.021606913482664,14.225578125156883
Technology,Asia,2020,62.9,79.7,13.590411596080335,13.079586765530244,14.283558087794383
Technology,Asia,2021,62.7,78.7,13.73481197691948,13.223987039714514,14.427958669659462
Technology,Asia,2022,63.1,80.6,13.87820550576435,13.36738050815146,14.571352169747692
Technology,Asia,2023,64.9,79.9,14.116367533969774,13.605542453004963,14.80951438144703
Technology,Asia,2024,66.8,83.8,14.164040380278752,13.653215250520047,14.857187243262457
Technology,Asia,2025,67.2,85.1,14.312899512656331,13.802074294301198,15.006046419563855
Technology,Oceania,2015,60.0,79.7,11.766603652924296,11.255782943442203,12.459747341741535
Technology,Oceania,2016,60.3,80.5,11.898098065810611,11.387277204365681,12.591241844698772
Technology,Oceania,2017,63.4,84.6,12.066520306186765,11.55569851494337,12.759664612345125
Technology,Oceania,2018,62.6,85.0,12.22463725189263,11.713815227344563,12.917781978432927
Technology,Oceania,2019,62.7,84.9,12.528579243586126,12.017756154975956,13.22172461331655
Technology,Oceania,2020,60.6,82.7,12.686209447823316,12.175386092616822,13.379355236310111
Technology,Oceania,2021,59.9,83.5,12.837003406786017,12.326179645355397,13.530149257104288
Technology,Oceania,2022,60.2,84.0,13.061936923451345,12.551112716070309,13.75508304172126
Technology,Oceania,2023,60.3,86.4,13.227725233061257,12.716900869292784,13.92087160362196
Technology,Oceania,2024,60.4,84.0,13.418286796474774,12.90746226367996,14.111433233190054
Technology,Oceania,2025,61.5,85.4,13.541716268936645,13.030891521799788,14.234862792024236
Technology,Asia,2015,51.7,90.7,12.034313509451884,11.523492437344096,12.727458018376712
Technology,Asia,2016,52.4,90.8,12.125282783806552,11.614460773844208,12.818426982968658
Technology,Asia,2017,53.5,89.3,12.277915518568426,11.767093152167046,12.971060605102663
Technology,Asia,2018,53.7,88.7,12.45519656528701,11.94437340988199,13.14834160226538
Technology,Asia,2019,54.3,91.6,12.423774216091472,11.912951139479503,13.116919385735764
Technology,Asia,2020,56.2,93.5,12.626685774190626,12.11586233923587,13.319831313139002
Technology,Asia,2021,57.8,93.7,12.747716181438664,12.236892303044964,13.440861762071334
Technology,Asia,2022,57.4,94.3,12.780803058418014,12.269979404648138,13.473948831835502
Technology,Asia,2023,57.0,91.8,12.902241256967242,12.391417544083756,13.595387315920538
Technology,Asia,2024,57.6,92.8,13.030758046165303,12.519934029765258,13.723904130792441
Technology,Asia,2025,60.4,97.0,13.158974920400896,12.648150582034818,13.85212113690982
Technology,Middle East,2015,66.1,91.2,11.496196309716344,10.98537746505985,12.189338405914008
Technology,Middle East,2016,64.7,88.8,11.479502074819171,10.968682654963299,12.172644085424617
Technology,Middle East,2017,66.5,92.4,11.578644851112198,11.067825157821375,12.27178734969322
Technology,Middle East,2018,69.6,95.0,11.554405163156002,11.04358561537403,12.247547546860382
Technology,Middle East,2019,70.2,98.2,11.513854033716797,11.003036069472417,12.206996718443257
Technology,Middle East,2020,71.5,99.1,11.460518919569704,10.94970067240503,12.153660831095396
Technology,Middle East,2021,73.5,100.0,11.482758998137948,10.971939558109346,12.175901025554193
Technology,Middle East,2022,73.9,99.7,11.432494932102223,10.921677617078998,12.12563723575926
Technology,Middle East,2023,75.2,100.0,11.47222221339975,10.961402838872134,12.165363665456878
Technology,Middle East,2024,75.9,98.5,11.49223590446505,10.981417427009035,12.185378490941613
Technology,Middle East,2025,77.2,100.0,11.434048910409096,10.923229779046453,12.12719068060072
Technology,Middle East,2015,55.1,56.2,11.490182799995688,10.979363314230367,12.183324354021925
Technology,Middle East,2016,55.8,55.5,11.658615021666705,11.147794872583834,12.351757880087225
Technology,Middle East,2017,57.1,56.0,11.79657165419055,11.285751301641868,12.489715446096124
Technology,Middle East,2018,57.3,58.4,11.937754542086589,11.426932841602136,12.630898126291603
Technology,Middle East,2019,59.0,60.7,12.120004823252756,11.609183377352307,12.813149551579146
Technology,Middle East,2020,58.9,60.2,12.243209939872926,11.732387046144082,12.93635447068381
Technology,Middle East,2021,60.2,63.2,12.300235804120746,11.78941336581957,12.993380709342468
Technology,Middle East,2022,61.3,66.3,12.311443861130755,11.80062153732401,13.004588791712244
Technology,Middle East,2023,61.8,65.7,12.496580970365484,11.985758213481379,13.18972646818658
Technology,Middle East,2024,62.8,68.3,12.653719463326802,12.142895863471614,13.346865205842374
Technology,Middle East,2025,63.7,68.6,12.808752849022284,12.297929140953833,13.50189852438873
Technology,Africa,2015,47.9,85.5,13.209676208951967,12.698851807039063,13.902822473121118
Technology,Africa,2016,47.8,84.8,13.234140681369935,12.723316130695425,13.9272869676861
Technology,Africa,2017,49.0,84.9,13.257878575983966,12.747054174789474,13.9510249706043
Technology,Africa,2018,50.0,85.1,13.129145129252441,12.618321028455119,13.822291415894913
Technology,Africa,2019,50.7,87.6,13.097787857958288,12.586963600698011,13.790933911149612
Technology,Africa,2020,51.7,86.5,13.138345972561561,12.627521660987307,13.831492168976574
Technology,Africa,2021,53.2,88.4,13.194593988417896,12.683769729114925,13.887740331692795
Technology,Africa,2022,54.6,91.0,13.282462501533175,12.771637843433954,13.975608744827424
Technology,Africa,2023,54.5,91.4,13.495177048669277,12.98435225145522,14.188323540435421
Technology,Africa,2024,56.3,92.5,13.491391308060038,12.980566606168422,14.184537797213645
Technology,Africa,2025,57.5,93.3,13.344742796844127,12.833918347307703,14.037889176792211
Technology,Africa,2015,30.7,54.3,13.428692115167955,12.917867374775073,14.121838485968533
Technology,Africa,2016,31.9,56.4,13.515863995602139,13.005039361382313,14.209010501470955
Technology,Africa,2017,31.7,55.2,13.498698977777542,12.987874269173728,14.19184540332806
Technology,Africa,2018,33.7,56.9,13.475250717418875,12.964425936840149,14.168397195322223
Technology,Africa,2019,34.9,57.9,13.49786317665833,12.987038606208767,14.191009738966812
Technology,Africa,2020,36.7,59.9,13.440810417591388,12.929985908983753,14.133956943601286
Technology,Africa,2021,37.9,62.3,13.286678961950397,12.77585458261248,13.979825378883257
Technology,Africa,2022,39.6,66.4,13.145278215567814,12.634453829772292,13.83842441878157
Technology,Africa,2023,39.0,64.1,13.087134255241608,12.576309805446217,13.780280296358182
Technology,Africa,2024,41.0,66.7,13.220281245142242,12.709456951236312,13.91342760965082
Technology,Africa,2025,42.9,68.9,13.375445154115644,12.864620617315206,14.068591635911396
Technology,Africa,2015,48.4,76.4,11.45728483988243,10.946467321419123,12.150427262951508
Technology,Africa,2016,46.3,74.5,11.63432329271964,11.123504459155743,12.32746648770471
Technology,Africa,2017,45.5,73.7,11.717643504329507,11.206822769813847,12.410786203055649
Technology,Africa,2018,47.3,75.6,11.752882081249805,11.242061177444606,12.446024935159453
Technology,Africa,2019,47.8,76.7,11.891563935074673,11.380742876585868,12.584707691663052
Technology,Africa,2020,50.4,79.5,11.94693462114883,11.436113532716819,12.640078562171913
Technology,Africa,2021,53.4,85.2,11.899138434235637,11.388317567838726,12.592282216660955
Technology,Africa,2022,53.3,85.9,11.95004878813282,11.439227255006358,12.643192739228684
Technology,Africa,2023,53.7,86.5,12.084677029857314,11.573854981478023,12.777821105465808
Technology,Africa,2024,54.9,88.5,12.180550714150018,11.669728338905031,12.87369558654389
Technology,Africa,2025,55.2,84.7,12.266315076673997,11.755492748279446,12.959459668005909
Technology,Asia,2015,42.1,78.6,13.16052083319209,12.649696685352442,13.853667147446428
Technology,Asia,2016,43.1,77.3,13.361591594128653,12.850766967526754,14.054737987453088
Technology,Asia,2017,44.7,78.6,13.55819537540273,13.047370613938192,14.251341844563418
Technology,Asia,2018,45.4,77.2,13.818138302417717,13.307313310322806,14.511285034158494
Technology,Asia,2019,45.1,80.2,14.017728936964334,13.506903885039737,14.710875749911782
Technology,Asia,2020,46.0,82.2,14.081320494663723,13.570495433059772,14.774467330260444
Technology,Asia,2021,46.5,81.7,14.208759349812428,13.697934175953556,14.901906192941905
Technology,Asia,2022,45.8,83.5,14.371971890117097,13.861146610291424,15.065118784060019
Technology,Asia,2023,47.6,83.4,14.57098556788239,14.060160225988806,15.264132490059229
Technology,Asia,2024,47.8,84.9,14.657064640108366,14.146239332438421,15.350211626700233
Technology,Asia,2025,47.0,84.6,14.841787323275655,14.330961926457457,15.534934324666255
Technology,North America,2015,82.0,94.1,13.511631621630958,13.00080685609776,14.204778124638176
Technology,North America,2016,80.5,92.6,13.676935495967859,13.166110752822336,14.370082159641518
Technology,North America,2017,80.7,93.9,13.772470689111342,13.26164572653216,14.465617295482389
Technology,North America,2018,82.0,95.5,13.857858779207774,13.34703376251436,14.551005528426453
Technology,North America,2019,81.2,93.7,14.023401172426674,13.512576090191127,14.716547906223783
Technology,North America,2020,82.5,96.4,14.121627779021654,13.610802646122414,14.81477459143138
Technology,North America,2021,82.4,97.0,14.238531850435452,13.727706685214637,14.931678736216245
Technology,North America,2022,83.0,97.2,14.321701699086608,13.810876436992839,15.014848578252936
Technology,North America,2023,86.2,97.7,14.4489063009964,13.938081048780766,15.14205324270247
Technology,North America,2024,88.3,100.0,14.467255419398208,13.956430177798305,15.160402339390284
Technology,North America,2025,87.6,100.0,14.549753615535241,14.038928311681568,15.24290055616088
Technology,Africa,2015,40.8,95.7,10.56251936545994,10.051709262133075,11.255653612136603
Technology,Africa,2016,40.1,94.6,10.791849892327464,10.281036608349888,11.48498678961408
Technology,Africa,2017,38.1,95.7,10.8746395061682,10.363825872806101,11.567777220518256
Technology,Africa,2018,37.7,95.0,10.94139219510805,10.430577197167773,11.634530520726981
Technology,Africa,2019,40.3,100.0,11.026296395818845,10.515481617481099,11.719435442230415
Technology,Africa,2020,39.2,99.5,11.170733703003163,10.659916996722508,11.863873843386935
Technology,Africa,2021,41.3,100.0,11.322949487702676,10.812131119233657,12.0160906221416
Technology,Africa,2022,41.1,100.0,11.414125603302796,10.90330844231539,12.107267264620733
Technology,Africa,2023,41.1,100.0,11.49217771118268,10.98135957446155,12.185319786907174
Technology,Africa,2024,41.0,98.8,11.679887160750289,11.16906802474211,12.373030533258872
Technology,Africa,2025,41.4,100.0,11.702996913624242,11.192177353773573,12.396139959675386
Technology,Middle East,2015,52.9,92.8,10.913366983316267,10.402552287377443,11.606504146596405
Technology,Middle East,2016,55.0,94.9,10.994761313289095,10.483947442051786,11.68790009910113
Technology,Middle East,2017,56.5,96.4,10.990246534173238,10.479432153942215,11.683384438721665
Technology,Middle East,2018,57.1,99.4,11.114441432351201,10.603625242451448,11.807581165059144
Technology,Middle East,2019,57.0,100.0,11.278005341238396,10.76718730629003,11.97114619773966
Technology,Middle East,2020,56.3,99.3,11.460799192173523,10.949981645275436,12.153941631932794
Technology,Middle East,2021,58.0,100.0,11.623819939989845,11.112999984751339,12.316962645373815
Technology,Middle East,2022,58.1,100.0,11.808147043779632,11.297325886203469,12.501290502499485
Technology,Middle East,2023,59.7,100.0,11.936282880142192,11.425461621996938,12.629426786474077
Technology,Middle East,2024,60.1,98.7,12.165311586653305,11.654489261291989,12.858456423603316
Technology,Middle East,2025,62.2,99.5,12.138509822464957,11.627687943333108,12.831654060802528
Technology,Oceania,2015,81.6,91.2,10.559898131980066,10.049088933891559,11.25303234470931
Technology,Oceania,2016,83.6,90.9,10.600347831007957,10.08953964223125,11.293483803199983
Technology,Oceania,2017,83.9,93.5,10.622648423897742,10.111838226773806,11.315783425361644
Technology,Oceania,2018,86.0,92.5,10.655148894161956,10.144337417769151,11.348284285091353
Technology,Oceania,2019,85.5,91.0,10.655198409092485,10.144388503839366,11.348333800605634
Technology,Oceania,2020,86.4,92.3,10.625151730711663,10.11433987523269,11.31828554775292
Technology,Oceania,2021,88.7,92.0,10.6822205110688,10.171409421791815,11.37535621688294
Technology,Oceania,2022,90.5,95.0,10.731596040405138,10.220784250914,11.424733391232436
Technology,Oceania,2023,91.0,97.5,10.73088805256869,10.220077730135117,11.424024303462131
Technology,Oceania,2024,90.0,95.8,10.723613139227195,10.212801460614916,11.416748209364306
Technology,Oceania,2025,88.9,93.0,10.663821307543655,10.15301204650664,11.35695563148586
Technology,Oceania,2015,86.7,79.9,10.640716209728225,10.129905736383995,11.333851429266748
Technology,Oceania,2016,86.5,82.7,10.670865197747283,10.16005427445337,11.363999611932467
Technology,Oceania,2017,88.9,85.6,10.626754057827181,10.115942180304728,11.319887896264165
Technology,Oceania,2018,89.3,84.4,10.720121471669135,10.209309105315695,11.413257604251026
Technology,Oceania,2019,89.3,85.2,10.778272722978059,10.267460302591717,11.471408437303719
Technology,Oceania,2020,91.4,87.4,10.84220882825609,10.331395590122636,11.535345252747534
Technology,Oceania,2021,90.8,85.0,10.963333025024138,10.452518951503157,11.656471542812776
Technology,Oceania,2022,92.2,86.5,11.00206984075423,10.491254772804757,11.695208687696109
Technology,Oceania,2023,93.7,90.2,11.007493602021254,10.496679029535969,11.700632494040521
Technology,Oceania,2024,93.9,90.6,11.179936355213519,10.669120497324577,11.873077257659284
Technology,Oceania,2025,95.3,91.3,11.179410252041905,10.668594864576253,11.872550453246086
Technology,Asia,2015,28.1,18.6,10.919100405604464,10.408285043563778,11.612238531613455
Technology,Asia,2016,28.4,16.8,11.005882677249458,10.495067015676943,11.699021555905693
Technology,Asia,2017,29.2,18.0,11.046354337942635,10.535538281235349,11.739492748618362
Technology,Asia,2018,29.6,18.3,11.225506024694266,10.71468884311959,11.918646540315985
Technology,Asia,2019,30.1,18.7,11.203082306243022,10.69226531611126,11.896221989112767
Technology,Asia,2020,29.3,14.5,11.289763163480234,10.778945873169107,11.982904093903459
Technology,Asia,2021,28.9,15.6,11.487238358034244,10.976419574377283,12.18038040848171
Technology,Asia,2022,29.8,17.1,11.380038436127338,10.869219665063653,12.073179906066157
Technology,Asia,2023,31.7,18.2,11.38089009560181,10.87007207946475,12.074031570402077
Technology,Asia,2024,31.2,17.4,11.410554919338121,10.89973668083742,12.103696560913306
Technology,Asia,2025,31.6,16.2,11.594057425346433,11.083237333997177,12.287199534497484
Technology,North America,2015,62.5,62.3,9.079525286845888,8.56877944288767,9.772609778805736
Technology,North America,2016,62.4,60.2,9.135185698375423,8.624431942085836,9.828278974938373
Technology,North America,2017,63.9,60.1,9.204473193698135,8.693714626645386,9.897570078772091
Technology,North America,2018,66.0,59.9,9.307902559560935,8.797140426994632,10.001008922220866
Technology,North America,2019,68.5,64.9,9.357949703760019,8.847187347653636,10.051053744984216
Technology,North America,2020,69.2,64.5,9.540514244047388,9.029741330800034,10.233625484024301
Technology,North America,2021,71.6,68.7,9.72455823558516,9.213774468710465,10.41767551729292
Technology,North America,2022,70.8,65.9,9.775006243887576,9.264222312925225,10.468124996539274
Technology,North America,2023,70.6,65.8,9.930922742284668,9.420131170759682,10.624043166698907
Technology,North America,2024,70.3,68.0,9.990724320789905,9.479932299995642,10.68385088078542
Technology,North America,2025,71.4,69.4,10.099342123612667,9.588543903864107,10.792470806036299
Technology,Africa,2015,46.6,63.4,10.140415658820954,9.629616336309535,10.833543112985996
Technology,Africa,2016,47.5,65.6,10.194200028672938,9.683401821321157,10.887328515792223
Technology,Africa,2017,48.5,65.3,10.311230065388333,9.800424395926985,11.004358954152563
Technology,Africa,2018,47.9,65.7,10.32409411473413,9.81328928461798,11.01722652059591
Technology,Africa,2019,49.7,68.7,10.319239568512428,9.808434839584368,11.012370252839288
Technology,Africa,2020,50.9,70.0,10.355788535481324,9.844984116912729,11.048919811848128
Technology,Africa,2021,51.6,72.0,10.411611530140412,9.900808968330368,11.104743670007764
Technology,Africa,2022,53.3,70.8,10.491204770582426,9.980397666449562,11.18433667218684
Technology,Africa,2023,53.5,69.9,10.568332990423977,10.057525368851683,11.261467312075721
Technology,Africa,2024,53.7,68.4,10.631236622811144,10.120427903725698,11.324371728424309
Technology,Africa,2025,55.3,68.9,10.774690956274073,10.263878583263638,11.467827675587184
Technology,North America,2015,56.4,69.3,11.107906257433626,10.597089629614961,11.80104594130898
Technology,North America,2016,57.1,69.5,11.254609295897303,10.743793166905734,11.947750650073765
Technology,North America,2017,55.7,65.9,11.483013530384797,10.97219546259139,12.176156074296935
Technology,North America,2018,57.0,66.8,11.661177352509258,11.150357476819458,12.354319790881473
Technology,North America,2019,56.9,64.2,11.61761875808459,11.106799138305249,12.310761435630894
Technology,North America,2020,56.9,61.2,11.784304359902743,11.273483564199895,12.477447728817426
Technology,North America,2021,56.3,61.1,11.961808235934983,11.450987293324829,12.654952224785202
Technology,North America,2022,56.9,60.7,12.122663318815684,11.611840956004327,12.815807510157875
Technology,North America,2023,57.7,61.3,12.131203614613918,11.620381583318109,12.824348100812756
Technology,North America,2024,58.9,63.5,12.224791352263315,11.713969000009975,12.91793607918175
Technology,North America,2025,59.8,64.0,12.23710802699477,11.726286119413418,12.930253026309474
Technology,Oceania,2015,77.3,81.8,10.508267892425925,9.997460474973884,11.201402783536567
Technology,Oceania,2016,76.6,79.9,10.574578267814156,10.063767978453203,11.26771266952361
Technology,Oceania,2017,77.1,78.4,10.548633382731213,10.037826119307931,11.24176744855426
Technology,Oceania,2018,79.7,83.0,10.558221294009384,10.047410391579328,11.251354186006608
Technology,Oceania,2019,81.6,86.1,10.603714611505984,10.092904709247554,11.29684938017484
Technology,Oceania,2020,82.2,84.5,10.653652859318397,10.142842978377614,11.346788232596792
Technology,Oceania,2021,83.4,85.3,10.638018969528718,10.127210935715347,11.33115415676175
Technology,Oceania,2022,83.0,85.8,10.727656416533467,10.21684468165129,11.420792632048878
Technology,Oceania,2023,82.2,86.7,10.74010284261971,10.229292379836279,11.433238110817816
Technology,Oceania,2024,82.4,89.6,10.637428727224322,10.126619103778337,11.33056270732753
Technology,Oceania,2025,84.1,94.4,10.708155982402852,10.197343030248687,11.40129086389188
Technology,North America,2015,72.9,87.5,12.771369124884622,12.260545205692171,13.464514742916268
Technology,North America,2016,74.0,89.9,12.83705581689969,12.326231966693559,13.53020166728768
Technology,North America,2017,74.5,93.1,12.90012366750238,12.389299625638035,13.593269599190837
Technology,North America,2018,76.4,97.2,13.048663229771188,12.537838826019621,13.741809333846584
Technology,North America,2019,75.0,91.1,13.274008864712739,12.763184443956025,13.967155185979458
Technology,North America,2020,74.9,90.7,13.4735796699772,12.962755031574828,14.16672621708859
Technology,North America,2021,73.5,88.8,13.644654974935476,13.133830181592728,14.337801621651542
Technology,North America,2022,77.2,95.9,13.733278396852535,13.222453569271975,14.426425034558413
Technology,North America,2023,77.9,97.1,13.883087520858922,13.372262582506938,14.576234280823677
Technology,North America,2024,77.4,99.7,13.99107684924335,13.480251784798389,14.68422361031232
Technology,North America,2025,76.6,98.9,14.089315740208672,13.578490547381376,14.782462540528437
Technology,Latin America,2015,70.5,86.1,14.481045916685652,13.970220652718393,15.174192865946344
Technology,Latin America,2016,73.1,89.4,14.494344795301114,13.983519509673688,15.187491722257061
Technology,Latin America,2017,73.5,89.4,14.685822438224061,14.174997065750583,15.37896940937353
Technology,Latin America,2018,73.7,89.6,14.771875062110219,14.261049668916655,15.465022031312058
Technology,Latin America,2019,74.5,92.2,14.800409916846258,14.28958457941245,15.493556929341624
Technology,Latin America,2020,75.5,91.9,14.836809959605748,14.325984539911527,15.529956942095996
Technology,Latin America,2021,76.7,91.9,14.91634863439464,14.40552324344318,15.609495648658456
Technology,Latin America,2022,76.8,91.3,15.052239987787983,14.541414576932263,15.745387023181808
Technology,Latin America,2023,76.7,90.3,15.043485072848096,14.532659673627409,15.736632121609686
Technology,Latin America,2024,77.5,90.2,15.075027382030312,14.564201947458379,15.768174434884248
Technology,Latin America,2025,78.0,90.7,15.224923146639098,14.7140977020167,15.918070205055667
Technology,North America,2015,64.1,67.8,11.438911796062124,10.928092633204407,12.132053054086146
Technology,North America,2016,65.5,67.0,11.63796654165092,11.127146800938647,12.331109309897865
Technology,North America,2017,66.3,64.8,11.933798590887731,11.422976687130673,12.626942160837537
Technology,North America,2018,67.5,67.3,12.073638365143584,11.56281692725012,12.766782977091257
Technology,North America,2019,69.0,72.2,12.181170135912962,11.670347929525022,12.874314753431706
Technology,North America,2020,69.1,69.6,12.34919675556685,11.838373587296267,13.042341552846072
Technology,North America,2021,71.9,70.4,12.55163027044985,12.04080700609955,13.244775681444375
Technology,North America,2022,72.9,71.0,12.724714641710438,12.213891002370671,13.417860333948132
Technology,North America,2023,72.3,71.5,12.80580023299994,12.294976439102808,13.498945903915557
Technology,North America,2024,73.2,71.9,12.93592150375131,12.42509732592977,13.629067479355948
Technology,North America,2025,73.9,72.9,13.074707459734062,12.56388309453894,13.767853486602656
Technology,Asia,2015,70.0,94.4,12.974144304097907,12.463319994733586,13.667290324890237
Technology,Asia,2016,71.1,93.6,13.051906577754384,12.541082384651656,13.745052578015596
Technology,Asia,2017,70.0,92.0,13.00068172701588,12.48985775969379,13.693827891120257
Technology,Asia,2018,69.5,88.3,13.048512941316117,12.537688824853062,13.741659152894403
Technology,Asia,2019,68.4,84.3,13.032425978329721,12.521601740430103,13.725572064783279
Technology,Asia,2020,65.6,78.8,13.138207592277952,12.627383215266667,13.831353788556768
Technology,Asia,2021,65.7,80.4,13.047536377581388,12.536712190744622,13.74068258821294
Technology,Asia,2022,66.9,84.4,12.9387436183103,12.427919356310083,13.631889597310668
Technology,Asia,2023,67.5,86.2,12.947565844022165,12.436741808261651,13.640711833576347
Technology,Asia,2024,69.9,86.5,12.968961583758468,12.458137514382328,13.662107481944968
Technology,Asia,2025,68.7,86.5,13.035819164004067,12.524994994103123,13.728965363203912
Technology,Europe,2015,70.1,86.2,12.067275412673116,11.55645323557454,12.760419721001139
Technology,Europe,2016,69.6,85.2,12.401077593642597,11.89025443836532,13.09422271712396
Technology,Europe,2017,68.9,86.6,12.579062425801059,12.068238868049747,13.272207884678846
Technology,Europe,2018,70.9,89.4,12.6177997728731,12.106976357454775,13.310945131542551
Technology,Europe,2019,70.8,88.5,12.860781706630494,12.349957814840371,13.55392758820657
Technology,Europe,2020,72.0,91.5,13.08375310189607,12.572928933240496,13.776899243090137
Technology,Europe,2021,72.5,91.8,13.19035169115874,12.679527188517792,13.883497844019628
Technology,Europe,2022,73.1,94.5,13.355043867206163,12.844219405636013,14.048190334599811
Technology,Europe,2023,74.8,98.2,13.432623926796731,12.921799231821094,14.125770300774882
Technology,Europe,2024,73.5,97.2,13.686185506270672,13.175360679146358,14.379332117800459
Technology,Europe,2025,74.1,96.2,13.744798030144144,13.233973086117265,14.437944674067623
Technology,Europe,2015,76.8,99.6,12.473017556644836,11.962194357640872,13.166162822914817
Technology,Europe,2016,75.8,100.0,12.632167163238822,12.121343934003548,13.325312874424807
Technology,Europe,2017,76.6,100.0,12.747172931753488,12.236349151325944,13.440318657043836
Technology,Europe,2018,77.3,99.0,12.854013494813001,12.343189789158641,13.547159367567454
Technology,Europe,2019,77.9,100.0,12.854834720388576,12.344010751813911,13.547980594216591
Technology,Europe,2020,79.9,100.0,12.941621292587525,12.43079734616871,13.634767275040623
Technology,Europe,2021,78.1,97.5,13.192363208404004,12.68153882782921,13.885509549809017
Technology,Europe,2022,78.1,98.9,13.260352096373804,12.749527692158996,13.95349840582485
Technology,Europe,2023,78.8,100.0,13.443492653331278,12.93266789996028,14.13663903602848
Technology,Europe,2024,78.8,97.6,13.638469156582152,13.127644408181489,14.331615740301665
Technology,Europe,2025,78.1,98.7,13.729076032745484,13.218251208517824,14.422222722679317
Technology,Europe,2015,67.3,98.7,12.230702817146758,11.719880282999801,12.923847314608745
Technology,Europe,2016,68.3,100.0,12.399204724163033,11.888381436118054,13.092349637694426
Technology,Europe,2017,66.6,100.0,12.456154481147422,11.945331063800646,13.149299520178182
Technology,Europe,2018,65.3,98.2,12.613946516904036,12.103123110011445,13.307092034805706
Technology,Europe,2019,66.8,100.0,12.723791456596896,12.212967819089965,13.416936998490147
Technology,Europe,2020,66.9,100.0,12.924285295989833,12.413461541443711,13.617431379397358
Technology,Europe,2021,66.8,99.9,13.032288768050815,12.521464603291657,13.725434963779945
Technology,Europe,2022,67.6,100.0,13.09588140486388,12.585057218666886,13.789027558587561
Technology,Europe,2023,68.0,100.0,13.178274791841382,12.66745042890513,13.871421026777979
Technology,Europe,2024,69.1,100.0,13.323021454605051,12.812197085399559,14.016167816972521
Technology,Europe,2025,67.4,100.0,13.31490123627863,12.804076657338673,14.008047674461519
Technology,Middle East,2015,69.0,91.8,11.647465973266222,11.136646759674461,12.340608783229271
Technology,Middle East,2016,68.0,90.9,11.815543932025408,11.304723480412692,12.508687787615552
Technology,Middle East,2017,68.7,91.9,11.89003567918162,11.379214627675045,12.583179087611809
Technology,Middle East,2018,68.8,92.4,11.910964400522252,11.4001430304411,12.604108558716185
Technology,Middle East,2019,69.8,93.7,12.064586267169567,11.55376409935204,12.757730567763334
Technology,Middle East,2020,71.5,97.8,12.160391468448017,11.64956950826753,12.85353577046708
Technology,Middle East,2021,72.4,98.0,12.142106227377145,11.631284334802285,12.835250476277148
Technology,Middle East,2022,73.3,99.4,12.141782626846643,11.63096091321232,12.834927408000041
Technology,Middle East,2023,72.8,98.9,12.280149902926487,11.769327374488872,12.973294761983864
Technology,Middle East,2024,73.2,97.7,12.32852476403482,11.81770208942537,13.021669511534071
Technology,Middle East,2025,74.8,100.0,12.39294798476701,11.882125540926676,13.086093298844146
Technology,Middle East,2015,67.3,89.5,12.497349872661758,11.986526366267539,13.190494998121286
Technology,Middle East,2016,68.4,89.7,12.380626192641609,11.869803788225985,13.073771483578033
Technology,Middle East,2017,69.7,88.2,12.393310016553043,11.882487018732037,13.086455123993655
Technology,Middle East,2018,69.6,90.3,12.54045412661587,12.02963076948611,13.233599338777026
Technology,Middle East,2019,70.6,90.3,12.67813852188185,12.167315185058797,13.37128414315952
Technology,Middle East,2020,68.9,92.0,12.763702749012769,12.252878938365656,13.45684849816075
Technology,Middle East,2021,68.2,90.1,12.827260505468985,12.316436672720771,13.520406342763492
Technology,Middle East,2022,68.1,94.0,12.846371902840467,12.335547948332813,13.539517897346743
Technology,Middle East,2023,68.5,95.2,12.872523375907551,12.361699378312228,13.565669272646682
Technology,Middle East,2024,69.7,95.5,12.999244556732176,12.488420516391253,13.69239071937468
Technology,Middle East,2025,69.5,95.9,13.12173718138452,12.61091289178616,13.814883461380306
Technology,Asia,2015,37.4,27.0,11.088546614390689,10.57773220059301,11.781686151718372
Technology,Asia,2016,37.6,26.8,11.146595489430355,10.635780924241889,11.839736179029144
Technology,Asia,2017,37.7,26.3,11.162840189964589,10.652024500469206,11.855980984155599
Technology,Asia,2018,39.8,28.8,11.344786064291918,10.833967144745426,12.03792673777231
Technology,Asia,2019,41.5,31.9,11.346834280206485,10.836015740499944,12.03997555734522
Technology,Asia,2020,42.6,30.8,11.440198846001051,10.929380391785976,12.133340111642791
Technology,Asia,2021,43.2,31.6,11.613659093073558,11.102839195725538,12.306801752754048
Technology,Asia,2022,43.9,34.3,11.757306691837517,11.246485506132704,12.45044956484866
Technology,Asia,2023,44.1,34.6,11.940808079250537,11.429986149509343,12.633952000365507
Technology,Asia,2024,46.0,37.2,11.925239068507228,11.414418079546705,12.618382607419234
Technology,Asia,2025,46.9,35.5,11.880737856642158,11.36991730934158,12.57388157596091
Technology,Latin America,2015,56.7,84.6,10.549579812520275,10.038769911324296,11.242712580507217
Technology,Latin America,2016,57.2,82.9,10.778037117580562,10.26722400523124,11.471173871840374
Technology,Latin America,2017,56.4,83.3,11.024718760462592,10.513905085497077,11.71785779403126
Technology,Latin America,2018,56.7,84.3,11.15770232379853,10.646885734484947,11.850843085092688
Technology,Latin America,2019,56.3,85.8,11.369755772805703,10.858937457208457,12.062897183721018
Technology,Latin America,2020,57.5,88.4,11.500115770029126,10.9892965612258,12.193258392564276
Technology,Latin America,2021,56.2,86.3,11.72780859273325,11.216988077647027,12.420951740106522
Technology,Latin America,2022,57.3,88.1,11.785232444115655,11.274411897806264,12.47837619737782
Technology,Latin America,2023,58.4,87.6,11.984874076511007,11.474052611306819,12.678017826244446
Technology,Latin America,2024,58.0,86.8,12.110069325559698,11.599247187536239,12.803214029400458
Technology,Latin America,2025,57.0,85.6,12.306738458295547,11.795915547231376,12.999883152205694
Technology,Latin America,2015,66.3,97.3,10.414980953289428,9.904172318030712,11.108113143750334
Technology,Latin America,2016,66.4,96.6,10.402421752746875,9.891617379965641,11.095553753755498
Technology,Latin America,2017,68.0,100.0,10.426397861463135,9.915593973197838,11.119531704095571
Technology,Latin America,2018,69.0,98.7,10.57653916289631,10.065729693731555,11.269672314248721
Technology,Latin America,2019,70.2,100.0,10.582401418347848,10.071591854758495,11.275534651703035
Technology,Latin America,2020,69.5,100.0,10.654396437142108,10.143586544499751,11.347531819196922
Technology,Latin America,2021,70.8,100.0,10.842969282336584,10.33215798891366,11.53610669209033
Technology,Latin America,2022,72.2,100.0,11.062114080696846,10.55129996715612,11.755253413299968
Technology,Latin America,2023,73.0,100.0,11.15963194044072,10.648814384553113,11.852771290350576
Technology,Latin America,2024,73.5,99.4,11.246977486664374,10.73615969087086,11.940118143867114
Technology,Latin America,2025,73.7,97.4,11.36322636215517,10.852408094431908,12.05636773527474
Technology,Europe,2015,87.2,88.1,13.380323341780894,12.869498748182592,14.073469749714377
Technology,Europe,2016,86.3,87.7,13.526628832883608,13.015804143570863,14.219775345976416
Technology,Europe,2017,86.4,89.3,13.724880131015388,13.21405520066321,14.418026764143033
Technology,Europe,2018,88.8,90.9,13.854959322035045,13.344134307104367,14.548106021935272
Technology,Europe,2019,87.7,88.7,14.084394370074483,13.573569306745169,14.77754120672995
Technology,Europe,2020,87.5,88.4,14.330880699747752,13.820055513986615,15.024027581667916
Technology,Europe,2021,87.0,92.2,14.507911059829052,13.997085752966214,15.201058015220907
Technology,Europe,2022,88.3,94.4,14.626539702620358,14.115714404747997,15.319686683200066
Technology,Europe,2023,90.5,96.8,14.68414155449351,14.173316182442779,15.377288525290687
Technology,Europe,2024,91.8,99.9,14.765424558797067,14.254599205773038,15.458571545969852
Technology,Europe,2025,92.3,99.8,14.912759384206465,14.401933960713334,15.605906381182923
Technology,Africa,2015,54.2,84.5,11.60328705705026,11.092467523937554,12.29642921279332
Technology,Africa,2016,54.3,85.0,11.745032721969162,11.234212383929728,12.438175541783666
Technology,Africa,2017,54.1,86.5,11.746150031667318,11.235329687725404,12.439293252340912
Technology,Africa,2018,56.0,88.2,11.71382177134396,11.203001873542314,12.406965270909513
Technology,Africa,2019,58.2,91.3,11.758478439013548,11.247658291135462,12.451622099344005
Technology,Africa,2020,57.4,89.2,11.806605762050609,11.29578510837091,12.499748842270765
Technology,Africa,2021,58.0,91.8,11.86212916856996,11.35130848153796,12.555273175502327
Technology,Africa,2022,59.2,91.2,11.889731119634789,11.378910526885011,12.582874869941893
Technology,Africa,2023,59.3,91.4,11.951366830134345,11.440545076606993,12.64451046296238
Technology,Africa,2024,59.8,94.5,11.997822017045253,11.487000293090645,12.690966118795995
Technology,Africa,2025,60.1,97.5,12.071659149681258,11.560837148150107,12.76480347057285
Technology,North America,2015,66.3,51.9,12.505936097797443,11.995113314218393,13.199081611287385
Technology,North America,2016,65.9,51.9,12.519178648460054,12.008355583794195,13.21232418388074
Technology,North America,2017,68.1,53.9,12.560216739568355,12.049393688969795,13.253362165692165
Technology,North America,2018,66.3,54.6,12.504588940266192,11.993765789557784,13.197734266028936
Technology,North America,2019,66.0,54.7,12.536072912636344,12.025249565458976,13.229218116154597
Technology,North America,2020,66.2,54.4,12.673934921213988,12.163111385245083,13.367080535923257
Technology,North America,2021,65.9,55.9,12.703625170157713,12.192801471776866,13.396770982678593
Technology,North America,2022,66.2,53.7,12.850756208598517,12.339932421730907,13.543902077086123
Technology,North America,2023,67.4,54.2,12.916997365062695,12.406173133000097,13.61014331764745
Technology,North America,2024,69.0,58.8,12.991194221072842,12.480370041509273,13.684340261471506
Technology,North America,2025,68.3,58.8,13.041168506245283,12.530344328587885,13.734314493764064
Technology,Europe,2015,89.1,93.8,11.379839687330314,10.869021679188537,12.072981156134036
Technology,Europe,2016,89.0,91.6,11.567305689881332,11.056487011285434,12.260448608608476
Technology,Europe,2017,89.1,89.0,11.726159276607437,11.215338500632914,12.419302013337893
Technology,Europe,2018,88.9,88.9,11.767169154329267,11.256349217567617,12.460312845120535
Technology,Europe,2019,89.0,89.8,11.862617787047979,11.351797332571522,12.555761443077012
Technology,Europe,2020,91.2,90.3,11.979441143381576,11.468620328012971,12.672585501610548
Technology,Europe,2021,91.3,89.4,12.099232702726146,11.588411344516244,12.792377379581652
Technology,Europe,2022,92.6,89.5,12.067169134597291,11.556346957865042,12.76031315536587
Technology,Europe,2023,92.9,91.8,12.203441186276232,11.692618570410492,12.896585609586333
Technology,Europe,2024,93.9,93.9,12.207920437310959,11.69709863979432,12.901065122483004
Technology,Europe,2025,92.6,95.1,12.23017337567561,11.719350843164857,12.923318359811555
Technology,Middle East,2015,42.6,75.7,11.762979655039995,11.252159222984401,12.456122941799455
Technology,Middle East,2016,44.3,77.0,11.696787501282762,11.18596742450531,12.38993052158111
Technology,Middle East,2017,45.8,77.8,11.67360024506931,11.162780582268365,12.366742741988935
Technology,Middle East,2018,45.4,79.2,11.749570262890158,11.23875042709907,12.442713891721644
Technology,Middle East,2019,45.2,83.4,11.832911839172912,11.322090572351017,12.526055388931608
Technology,Middle East,2020,45.8,84.7,11.991917948146813,11.481096247285018,12.68506234137074
Technology,Middle East,2021,44.7,82.8,12.195869772790989,11.685047684911595,12.889014175145551
Technology,Middle East,2022,44.7,80.7,12.28054726474636,11.769725044488366,12.97369212472603
Technology,Middle East,2023,46.5,84.3,12.289600963706897,11.778778252842617,12.982745844601606
Technology,Middle East,2024,46.0,84.3,12.417540702752481,11.906718046764249,13.110686062171714
Technology,Middle East,2025,46.3,86.0,12.406511996052329,11.895688827396691,13.099657130682376
Technology,Asia,2015,58.2,62.7,12.371058130577222,11.86023519184333,13.064203191369893
Technology,Asia,2016,57.4,61.2,12.480112332374794,11.969288989511906,13.173257422102328
Technology,Asia,2017,57.7,63.5,12.550488604222812,12.039665578778495,13.243634013195928
Technology,Asia,2018,58.0,64.3,12.585596503491116,12.074773046315267,13.278741973581843
Technology,Asia,2019,56.9,64.4,12.624947111654928,12.114123461247283,13.31809264774661
Technology,Asia,2020,57.9,66.6,12.504859703746675,11.994036552368746,13.198004844581869
Technology,Asia,2021,58.3,69.1,12.558294489118744,12.04747132628415,13.251439911866843
Technology,Asia,2022,59.6,70.3,12.708594891471003,12.197771284378872,13.401740559522885
Technology,Asia,2023,60.6,70.5,12.787791493967655,12.276967640166673,13.480937137450184
Technology,Asia,2024,62.7,71.5,12.920916981164105,12.410092906746428,13.61406281623541
Technology,Asia,2025,63.4,71.5,12.894345214452262,12.383521098014903,13.587491013292299
Technology,Middle East,2015,38.9,78.2,13.729826626801179,13.219001765658248,14.422973208156884
Technology,Middle East,2016,39.0,77.1,13.644269346781597,13.133444553759146,14.33741599329176
Technology,Middle East,2017,39.3,78.8,13.565507754841175,13.054683072696019,14.258654357587897
Technology,Middle East,2018,39.7,78.8,13.643379105255786,13.132554273378794,14.336525751290305
Technology,Middle East,2019,38.4,76.3,13.752131151460373,13.2413062734958,14.445277746033101
Technology,Middle East,2020,38.6,77.7,13.72688566177055,13.216060802873768,14.42003229599499
Technology,Middle East,2021,40.0,79.0,13.674144094032597,13.163319314953815,14.367290698669036
Technology,Middle East,2022,39.7,81.2,13.617234238140009,13.106409386596589,14.310380748085135
Technology,Middle East,2023,42.5,86.7,13.603435771228934,13.09261093041485,14.296582395480574
Technology,Middle East,2024,43.6,86.3,13.64634428966549,13.135519455443879,14.339490878066742
Technology,Middle East,2025,45.0,86.3,13.551250697990318,13.040425942535025,14.244397292440116
Technology,Middle East,2015,47.1,69.8,12.364145907676585,11.853323556756285,13.05729116721342
Technology,Middle East,2016,47.8,73.2,12.497371918018773,11.986548785223016,13.190517230346972
Technology,Middle East,2017,48.1,72.3,12.58963700682796,12.078813540915668,13.282782313458547
Technology,Middle East,2018,47.7,73.7,12.645502047790114,12.13467867943562,13.338647617338731
Technology,Middle East,2019,47.9,76.9,12.67962341373345,12.16880007351706,13.37276903732477
Technology,Middle East,2020,48.7,77.8,12.793430885338033,12.282607206847823,13.48657681536155
Technology,Middle East,2021,48.3,77.9,12.91952796284976,12.408704053901497,13.612674041025327
Technology,Middle East,2022,50.8,83.4,13.03104470094112,12.520220391915982,13.724190785882369
Technology,Middle East,2023,51.4,85.1,13.088434652945677,12.577610339559262,13.78158069554302
Technology,Middle East,2024,53.7,87.1,13.109493920044146,12.598669646880744,13.802640188946313
Technology,Middle East,2025,54.8,87.5,13.256368607750025,12.745544033486071,13.94951482626547
Technology,Middle East,2015,40.2,77.3,12.013361907602352,11.502540729777156,12.706506359961567
Technology,Middle East,2016,42.3,81.8,11.998315735382205,11.487494830108405,12.691459838652639
Technology,Middle East,2017,43.4,82.8,12.072164038912256,11.561342226100088,12.7653083612473
Technology,Middle East,2018,43.5,83.9,12.19541454927015,11.684592126096842,12.888558950359718
Technology,Middle East,2019,45.7,84.0,12.196188962455993,11.68536670512663,12.88933361818103
Technology,Middle East,2020,48.0,88.1,12.05532475298323,11.544503586237372,12.748469317456891
Technology,Middle East,2021,47.9,88.5,12.261052187351574,11.750229876345886,12.95419700164744
Technology,Middle East,2022,47.5,88.3,12.372453234215062,11.861630432858153,13.065598297962968
Technology,Middle East,2023,48.8,89.8,12.48113973258812,11.970316767142684,13.174285014343345
Technology,Middle East,2024,47.4,90.1,12.523362426794543,12.012539472797329,13.216507787053509
Technology,Middle East,2025,50.3,91.6,12.424349975973698,11.913526763912191,13.117495146775463
Technology,Asia,2015,41.1,94.8,9.83058884892239,9.319804456466747,10.52370913858141
Technology,Asia,2016,41.0,96.3,9.93574174806546,9.424951626551445,10.62886472182184
Technology,Asia,2017,41.4,97.3,10.209139691817454,9.698337394802152,10.90226661449455
Technology,Asia,2018,42.4,98.2,10.31109370031554,9.800291359707678,11.004224249716344
Technology,Asia,2019,41.5,97.8,10.485616576460702,9.97481236958994,11.178751186020687
Technology,Asia,2020,42.3,97.9,10.575819593382153,10.0650109866928,11.268954010944581
Technology,Asia,2021,42.5,96.1,10.866165563963404,10.35535266907861,11.559304152436948
Technology,Asia,2022,45.2,98.8,10.979663348327401,10.468849655874546,11.672802006433665
Technology,Asia,2023,43.7,96.4,11.05378422577272,10.542970208510381,11.746924284093275
Technology,Asia,2024,44.3,96.2,11.197000284371713,10.686182889737672,11.890139921501216
Technology,Asia,2025,46.6,98.4,11.392308041228379,10.881490314783672,12.085449016706418
Technology,Asia,2015,71.6,99.9,12.09628289081482,11.585460987186584,12.789427281262364
Technology,Asia,2016,70.7,99.3,12.200250731026781,11.689428460051486,12.893395648446653
Technology,Asia,2017,69.9,97.0,12.316923710497761,11.806100921122567,13.010068653375086
Technology,Asia,2018,71.9,99.8,12.366309623355571,11.855486981381693,13.059454674058564
Technology,Asia,2019,72.4,100.0,12.526206419132127,12.015382973519475,13.219351784560663
Technology,Asia,2020,71.2,100.0,12.66398345042177,12.153159619031886,13.35712889131948
Technology,Asia,2021,71.5,100.0,12.77914547988551,12.268321829383762,13.47229111002082
Technology,Asia,2022,71.6,100.0,12.878464670282662,12.367640748135294,13.571610447005066
Technology,Asia,2023,70.3,96.4,12.99327945154994,12.482455496534783,13.686425608102311
Technology,Asia,2024,70.8,94.8,13.010358615324087,12.499534482914566,13.703504677365219
Technology,Asia,2025,72.6,96.2,13.092406517948522,12.581582199367782,13.785552565056737
Technology,North America,2015,55.2,66.4,11.394967038933851,10.884149291518163,12.088108030889325
Technology,North America,2016,56.6,67.8,11.366388725393655,10.85557004850834,12.059529537937252
Technology,North America,2017,56.4,66.2,11.486939741672465,10.97612027584529,12.180081277421852
Technology,North America,2018,57.2,65.6,11.618532450251921,11.107712824989305,12.311675131910723
Technology,North America,2019,56.9,65.1,11.704319079259413,11.193498135058162,12.397461717867934
Technology,North America,2020,58.7,71.4,11.75924946173592,11.248428527972484,12.452392343107531
Technology,North America,2021,58.8,72.6,11.708673975421922,11.197854381243666,12.401817455989574
Technology,North America,2022,61.2,73.3,11.702182912765295,11.19136253028391,12.395326369237907
Technology,North America,2023,62.0,74.2,11.787119481191297,11.276298925309616,12.480262480727351
Technology,North America,2024,63.4,74.6,11.965674842051836,11.454853457460054,12.65881852527953
Technology,North America,2025,63.0,74.7,11.975046860874157,11.46422564671948,12.66819089169983
Technology,Asia,2015,32.1,47.4,11.432401724952516,10.921583688139783,12.125543486224892
Technology,Asia,2016,32.3,47.3,11.516040607870373,11.00522163001366,12.209183302416589
Technology,Asia,2017,31.8,48.3,11.608638290974419,11.097819028262782,12.301780927899337
Technology,Asia,2018,34.1,50.3,11.709231284570297,11.198410591357465,12.402374356317374
Technology,Asia,2019,34.0,51.9,11.588237925721941,11.077419103259576,12.281380469002894
Technology,Asia,2020,33.5,50.6,11.683782386597432,11.17296153949234,12.376924930964686
Technology,Asia,2021,34.1,50.6,11.818421423777332,11.307600957303219,12.511564920541081
Technology,Asia,2022,34.1,52.2,11.917488166031603,11.406666768290789,12.610631676607829
Technology,Asia,2023,32.6,52.9,12.114242951801094,11.603421347346801,12.807387391911984
Technology,Asia,2024,33.1,52.7,12.267909708513265,11.757087374868005,12.961054303970755
Technology,Asia,2025,34.4,55.1,12.403129683225199,11.892306659744513,13.096274810923546
Technology,Middle East,2015,72.0,84.1,12.616555477115124,12.105732285555796,13.309700999348953
Technology,Middle East,2016,73.2,86.7,12.679108236231887,12.168284585638947,13.372254014798088
Technology,Middle East,2017,73.0,87.1,12.765040223422853,12.254216410352365,13.458185974484033
Technology,Middle East,2018,73.9,84.9,12.808070079668036,12.297246099050241,13.501215890935757
Technology,Middle East,2019,72.8,83.1,12.798612717294384,12.287789028750161,13.491758653781215
Technology,Middle East,2020,74.2,83.8,12.85416178886285,12.343337995750183,13.547307661811228
Technology,Middle East,2021,75.5,85.2,12.947169637261858,12.436345522698968,13.6403157454919
Technology,Middle East,2022,74.8,82.2,13.024808540240562,12.513984459934035,13.717954618328003
Technology,Middle East,2023,75.4,81.8,13.144412499049283,12.633588179538686,13.837558603597248
Technology,Middle East,2024,75.3,81.8,13.240456942619195,12.729632444428919,13.93360323456584
Technology,Middle East,2025,73.4,79.1,13.32226958071681,12.81144488493228,14.015415860588044
Technology,Africa,2015,53.9,92.8,13.86014667745337,13.349321723128945,14.553293427657787
Technology,Africa,2016,55.5,92.1,13.921842861283478,13.411017926847043,14.614989637236725
Technology,Africa,2017,56.3,95.7,14.013335398729684,13.50251026727171,14.70648212800707
Technology,Africa,2018,57.4,98.5,14.114991326247141,13.604166246029852,14.808138173265691
Technology,Africa,2019,58.7,100.0,14.272890530578586,13.762065370968337,14.966037394668584
Technology,Africa,2020,60.3,100.0,14.22361278581356,13.712787560994032,14.916759633917998
Technology,Africa,2021,59.3,100.0,14.360625602175128,13.849800384251612,15.053772492847493
Technology,Africa,2022,60.3,98.9,14.325149658089412,13.81432445482197,15.018296508257519
Technology,Africa,2023,57.9,97.3,14.341726855362346,13.830901605792604,15.0348737405041
Technology,Africa,2024,58.6,96.8,14.438833753901264,13.928008451831047,15.131980666381319
Technology,Africa,2025,58.0,97.1,14.53868109303882,14.027855776573357,15.231828030993018
Technology,North America,2015,78.2,99.0,12.194721969651422,11.683899548695543,12.887866621669822
Technology,North America,2016,79.2,100.0,12.2544913121315,11.743668864143217,12.947635872667243
Technology,North America,2017,78.2,100.0,12.424734569337271,11.913911892075882,13.117879740911828
Technology,North America,2018,78.1,100.0,12.471489937071713,11.960666869588682,13.16463520041515
Technology,North America,2019,78.1,100.0,12.421747978998473,11.910924773220378,13.11489314456404
Technology,North America,2020,77.1,100.0,12.432521528213103,11.921698429417575,13.125666516030368
Technology,North America,2021,76.5,100.0,12.565263072985722,12.05443954394166,13.258408507940707
Technology,North America,2022,76.2,100.0,12.594959422707449,12.084136058308937,13.28810507819146
Technology,North America,2023,77.4,100.0,12.660658339403017,12.149834513982897,13.353803774506526
Technology,North America,2024,76.2,100.0,12.750010459508044,12.239186770600215,13.44315618892191
Technology,North America,2025,75.3,98.8,12.836469039336077,12.325645190170935,13.529615022038671
Technology,Oceania,2015,60.5,86.7,10.704706320475685,10.193893412109503,11.39784115946355
Technology,Oceania,2016,61.0,84.0,10.801492106722966,10.29068006225669,11.494628084221826
Technology,Oceania,2017,61.2,86.8,10.84561365843416,10.334802327166752,11.538751093991586
Technology,Oceania,2018,61.2,88.6,10.85353795935527,10.342725870751213,11.546675471830241
Technology,Oceania,2019,61.4,89.4,10.964112367298737,10.453298284779722,11.657250026229653
Technology,Oceania,2020,61.1,90.5,11.056078111150041,10.545262488223594,11.74921818578953
Technology,Oceania,2021,61.3,89.4,11.181575686131579,10.67076074080144,11.874715902432797
Technology,Oceania,2022,59.9,89.4,11.323190093643902,10.81237293234957,12.016330625068735
Technology,Oceania,2023,59.9,89.4,11.272881146886961,10.76206442221981,11.966021970899249
Technology,Oceania,2024,61.6,89.8,11.248742447573871,10.737925940332037,11.941882465092245
Technology,Oceania,2025,62.2,91.9,11.27473933931075,10.763923021100727,11.967880175123797
Technology,Asia,2015,58.0,98.9,12.138506612767392,11.627684377015196,12.831651386047401
Technology,Asia,2016,58.4,100.0,12.124934171056752,11.61411198160157,12.818078911441326
Technology,Asia,2017,58.6,99.0,12.181684149191767,11.670862111828495,12.874829024200316
Technology,Asia,2018,59.0,100.0,12.172978009589718,11.662155486763984,12.866122347612647
Technology,Asia,2019,59.7,100.0,12.179239844369192,11.668417815782886,12.872384456935734
Technology,Asia,2020,61.0,100.0,12.14246275974396,11.631640510614785,12.8356072761089
Technology,Asia,2021,60.7,98.5,12.293659440268586,11.782836564916874,12.986804330477527
Technology,Asia,2022,62.7,99.8,12.246072382088988,11.73525028121233,12.939217160671818
Technology,Asia,2023,62.7,100.0,12.213483120013768,11.70266113583651,12.906627819028346
Technology,Asia,2024,63.0,98.7,12.25584137836412,11.745019243239984,12.948986180297641
Technology,Asia,2025,62.1,100.0,12.21347021591061,11.702647900904893,12.906614666735088
Technology,North America,2015,69.0,80.5,12.425563935449922,11.914740586641607,13.118708907957764
Technology,North America,2016,68.7,79.0,12.498466475199344,11.987643588502754,13.191611789571313
Technology,North America,2017,69.6,77.4,12.567698015863327,12.056874597815241,13.260843455063595
Technology,North America,2018,71.5,78.8,12.536399250670092,12.025576022531125,13.229544454833423
Technology,North America,2019,72.8,82.2,12.615249855255938,12.104426334776715,13.308395541372596
Technology,North America,2020,73.6,86.4,12.587959286823663,12.077135824534679,13.28110459030768
Technology,North America,2021,74.5,87.5,12.585196516145775,12.074373287989795,13.278342156667684
Technology,North America,2022,76.7,90.7,12.649550044635891,12.138726453236842,13.342695781143131
Technology,North America,2023,78.3,95.8,12.67933221843387,12.168508878882534,13.372477841571742
Technology,North America,2024,78.4,96.4,12.709602620654032,12.19877911226269,13.402748139130756
Technology,North America,2025,78.8,95.4,12.81185829689527,12.301034582886954,13.505004113340357
Technology,Europe,2015,77.6,95.1,13.270117298669032,12.759292882603026,13.963263530320823
Technology,Europe,2016,76.7,93.7,13.460339340005572,12.949514572094133,14.153485736031534
Technology,Europe,2017,77.0,93.2,13.667895077129533,13.157070264710201,14.361041678155747
Technology,Europe,2018,77.0,94.3,13.753673451385183,13.242848536811637,14.446820046860982
Technology,Europe,2019,78.3,97.9,13.779788868082962,13.26896396977387,14.47293558227748
Technology,Europe,2020,78.9,99.5,13.802077740286842,13.291252792202918,14.495224414084937
Technology,Europe,2021,77.4,96.5,13.87943345214245,13.368608422491924,14.572580163663622
Technology,Europe,2022,76.4,94.9,13.963599215089415,13.452774137481226,14.656746007589689
Technology,Europe,2023,79.1,98.8,13.953964601934812,13.443139500590645,14.647111347143031
Technology,Europe,2024,80.2,98.0,13.957313806759442,13.446488703668503,14.650460553423304
Technology,Europe,2025,78.5,98.6,14.021062276374469,13.510237195406987,14.71420904983534
Technology,North America,2015,62.3,77.2,11.761583924843134,11.250762980143856,12.454727206164094
Technology,North America,2016,64.4,80.7,11.836717648434067,11.325896847326856,12.529861211984663
Technology,North America,2017,63.6,78.8,12.002774612749164,11.491953073766945,12.695918423349937
Technology,North America,2018,66.9,84.8,11.963840561893267,11.453019397431824,12.656984875746932
Technology,North America,2019,68.8,85.0,12.123252835274425,11.612430470541252,12.816397299965576
Technology,North America,2020,70.7,89.3,12.127814303262706,11.6169926446295,12.820959050665204
Technology,North America,2021,71.0,88.4,12.205566517468972,11.694744395468748,12.898711446887308
Technology,North America,2022,71.8,89.1,12.330506404901575,11.819683430122327,13.02365137796721
Technology,North America,2023,73.2,89.8,12.442978658226558,11.932156059206873,13.136124063387673
Technology,North America,2024,73.4,87.6,12.711700685227731,12.200877172402855,13.404846357969868
Technology,North America,2025,73.6,88.7,12.83638305615226,12.325559118402111,13.529528905645057
Technology,North America,2015,53.9,85.2,12.857191114195896,12.346367054815316,13.550336860733731
Technology,North America,2016,54.0,83.2,12.901142726132262,12.390318599483571,13.594288659092744
Technology,North America,2017,54.4,82.1,12.948496538542402,12.437672739283645,13.641642648194379
Technology,North America,2018,56.8,84.1,13.047758358666494,12.536934171510794,13.740904569513328
Technology,North America,2019,58.7,90.2,12.92577290206666,12.41494890129328,13.618918865380417
Technology,North America,2020,57.7,90.1,12.997603912961187,12.486779573120419,13.690749847356841
Technology,North America,2021,57.4,89.5,13.02926558845753,12.518441354944716,13.722411781204833
Technology,North America,2022,58.5,91.9,13.035022855343312,12.524198686600553,13.728168944634444
Technology,North America,2023,58.6,93.9,13.181672499035574,12.670848257477886,13.874818737179671
Technology,North America,2024,59.1,96.6,13.223304763074674,12.712480224091316,13.916450949249505
Technology,North America,2025,59.2,98.3,13.286918033404122,12.776093540666015,13.980064365692314
Technology,Oceania,2015,84.1,91.5,11.877872698975501,11.367051934830675,12.571016061245107
Technology,Oceania,2016,84.0,90.7,12.074205581427968,11.563383760843529,12.767349624352246
Technology,Oceania,2017,85.0,91.2,12.205624545148192,11.694802756426284,12.898769224584507
Technology,Oceania,2018,85.0,88.2,12.377450369778218,11.866627694769358,13.070595233451462
Technology,Oceania,2019,84.2,86.5,12.547335176065408,12.036511921870803,13.24048057944313
Technology,Oceania,2020,84.5,88.2,12.730966841215034,12.220143189506956,13.424112542728995
Technology,Oceania,2021,86.5,92.8,12.775738617890514,12.264914974122863,13.468884384163532
Technology,Oceania,2022,87.3,97.3,12.881759019589893,12.370935176647057,13.57490480092942
Technology,Oceania,2023,87.4,97.7,13.018358165130039,12.507534094811575,13.71150434704387
Technology,Oceania,2024,89.6,100.0,13.17299679412049,12.662172564606594,13.866143024052892
Technology,Oceania,2025,90.5,99.7,13.34488705663753,12.834062446832691,14.03803351675077
Technology,Oceania,2015,78.9,93.8,12.241857173293145,11.731034765682546,12.935001941729759
Technology,Oceania,2016,78.8,95.2,12.331443266959033,11.820620436727127,13.024588462634753
Technology,Oceania,2017,81.2,100.0,12.428947360711188,11.918124537694117,13.122092540731387
Technology,Oceania,2018,82.4,99.0,12.53408527176499,12.023262169234556,13.227230651438504
Technology,Oceania,2019,81.5,97.7,12.581484649249614,12.0706612010008,13.274629940540803
Technology,Oceania,2020,82.7,96.7,12.695418318078387,12.184594635563894,13.388564119325768
Technology,Oceania,2021,85.0,100.0,12.760893527684818,12.250069913529648,13.454039129262
Technology,Oceania,2022,85.9,100.0,12.868606998559033,12.357782921421174,13.561752890260374
Technology,Oceania,2023,88.2,100.0,13.000260600083946,12.489436407485877,13.693406650773031
Technology,Oceania,2024,86.0,96.6,13.003617678536367,12.492793631286059,13.69676373301216
Technology,Oceania,2025,87.7,100.0,13.08280371081282,12.571979543539369,13.775949746984283
Technology,Africa,2015,65.0,86.5,11.899281824992345,11.388461410929947,12.592425947670149
Technology,Africa,2016,64.9,86.0,12.001858791600059,11.491036643082582,12.695002905754228
Technology,Africa,2017,65.3,85.8,12.04853598975081,11.537713682746377,12.741679951090488
Technology,Africa,2018,65.4,86.4,12.074485076741112,11.563663255093852,12.767629405702522
Technology,Africa,2019,66.4,89.2,12.11924434269054,11.608421991047372,12.812388796473288
Technology,Africa,2020,68.9,91.5,12.1312278635372,11.620405832154278,12.824372080371397
Technology,Africa,2021,69.0,90.1,12.222817170220948,11.711994332736586,12.915961646441302
Technology,Africa,2022,69.9,92.8,12.399468488761254,11.888645886894832,13.092613608929893
Technology,Africa,2023,72.1,98.4,12.409448496938236,11.898625865063268,13.10259363756735
Technology,Africa,2024,71.0,99.0,12.43905008527483,11.928227366133253,13.132195285404203
Technology,Africa,2025,72.3,100.0,12.544801263179428,12.033978014996716,13.23794666204821
Technology,Oceania,2015,69.8,89.0,13.879829054898295,13.36900405626964,14.572975719719645
Technology,Oceania,2016,68.4,86.9,13.870206865528793,13.359381904503426,14.563353620040964
Technology,Oceania,2017,69.1,84.9,14.040989859289317,13.53016468779892,14.734136600875697
Technology,Oceania,2018,69.7,87.9,14.059645206534967,13.548820078910879,14.752791995403763
Technology,Oceania,2019,69.2,88.5,14.079611467436669,13.568786278811677,14.772758264048516
Technology,Oceania,2020,71.2,92.4,14.073670998733677,13.562845889948411,14.766817793057905
Technology,Oceania,2021,71.8,93.3,14.085150444633001,13.57432535542498,14.778297281548387
Technology,Oceania,2022,73.1,97.4,13.91300925031795,13.402184231287462,14.60615597732603
Technology,Oceania,2023,73.3,99.3,13.819036733692831,13.308211707814683,14.512183416012636
Technology,Oceania,2024,72.4,95.3,13.802028684548974,13.291203635140944,14.495175307643523
Technology,Oceania,2025,71.6,93.5,13.936141888929118,13.42531679697939,14.629288626308629
Technology,Africa,2015,50.1,81.8,10.82314461196636,10.312333605470409,11.516281826083318
Technology,Africa,2016,49.7,83.5,11.104036502155331,10.593221414345928,11.797175404385799
Technology,Africa,2017,50.4,82.7,11.388996959537556,10.87817925928476,12.08213848040678
Technology,Africa,2018,50.0,85.4,11.559974113581358,11.049155168079952,12.253116523925007
Technology,Africa,2019,50.1,87.0,11.660596914128314,11.149776754205986,12.353739781106386
Technology,Africa,2020,50.2,84.3,11.794783862699003,11.283962513746701,12.487927271349339
Technology,Africa,2021,49.0,83.1,11.797195723799456,11.2863748662559,12.49033876525307
Technology,Africa,2022,50.7,84.6,11.91834590541414,11.40752494851238,12.611489419136912
Technology,Africa,2023,50.5,84.9,12.135952174255754,11.6251303047136,12.829096673218615
Technology,Africa,2024,50.4,82.8,12.376750004354383,11.865927471926618,13.06989528795205
Technology,Africa,2025,52.6,85.5,12.377843741428945,11.86702078453717,13.070988816556854
Technology,Africa,2015,59.9,84.6,11.909265061967877,11.398443474862841,12.602408542240966
Technology,Africa,2016,60.1,86.1,11.723795605168599,11.212975110624582,12.416938736324191
Technology,Africa,2017,60.3,89.5,11.7989934855408,11.288173120241598,12.492136910036109
Technology,Africa,2018,60.3,90.6,11.893595021856688,11.382773498504362,12.58673844368934
Technology,Africa,2019,60.0,89.5,11.917669646606674,11.406849137624778,12.610813824998555
Technology,Africa,2020,61.2,90.1,11.937727732584122,11.426906686101141,12.630871970593926
Technology,Africa,2021,61.6,90.8,12.078889062861785,11.568066845966431,12.772033120446785
Technology,Africa,2022,62.4,91.0,12.155213467426828,11.644391350903732,12.848358280590865
Technology,Africa,2023,63.0,90.6,12.314165774197928,11.803343291831023,13.007310486508812
Technology,Africa,2024,64.9,90.6,12.277727504116822,11.76690467290328,12.970872357543769
Technology,Africa,2025,67.7,92.0,12.335839147339085,11.825016451237103,13.028984351720977
Technology,Europe,2015,86.7,80.6,11.381210706979642,10.870391547629042,12.0743516132141
Technology,Europe,2016,86.5,79.1,11.541981228087446,11.031161756263746,12.235123551824113
Technology,Europe,2017,85.5,80.8,11.684936551068446,11.174117101728879,12.378079521770335
Technology,Europe,2018,86.8,82.8,11.888494093830385,11.377672591447366,12.581637496441019
Technology,Europe,2019,86.4,83.8,11.953945601452181,11.443124052416312,12.647089565108198
Technology,Europe,2020,87.8,83.4,12.067151899250351,11.556330680101281,12.760296494482635
Technology,Europe,2021,88.0,85.2,12.165642761624502,11.654820782255914,12.85878707872003
Technology,Europe,2022,89.4,86.7,12.27893873972973,11.768116369997054,12.972083363541783
Technology,Europe,2023,89.3,86.7,12.437391487899584,11.92656837683746,13.13053648636947
Technology,Europe,2024,90.5,88.7,12.503200589933956,11.992377442661398,13.196345727382202
Technology,Europe,2025,92.2,92.6,12.551584614660166,12.040761586369625,13.24473020253866
Technology,Africa,2015,32.0,62.3,12.765023641111547,12.254199732769822,13.458169392149022
Technology,Africa,2016,31.5,62.4,12.782663818576708,12.271839786605073,13.475809454157355
Technology,Africa,2017,31.0,60.5,12.758849673792797,12.248026159640615,13.45199541597714
Technology,Africa,2018,32.3,59.4,12.814685651027927,12.303861568891628,13.507831335297958
Technology,Africa,2019,32.2,61.1,12.789524651580313,12.278701166692919,13.482670576709387
Technology,Africa,2020,32.0,63.9,12.736474400355773,12.225650737816332,13.429619962900917
Technology,Africa,2021,32.7,64.1,12.667483840313995,12.156660212791808,13.36062928729056
Technology,Africa,2022,34.5,67.3,12.830892001267745,12.32006807280106,13.524037977271174
Technology,Africa,2023,34.6,67.2,12.886502046881851,12.375678279912293,13.579647961442252
Technology,Africa,2024,36.2,69.1,12.898560859019002,12.387736903016927,13.591706788754184
Technology,Africa,2025,38.1,72.4,12.775417523439451,12.264593880307668,13.468563289258274
Technology,Latin America,2015,34.7,59.0,11.287296327143657,10.776478222014488,11.980437242129735
Technology,Latin America,2016,35.8,59.3,11.477687848743875,10.966869821298364,12.170829849961317
Technology,Latin America,2017,35.3,58.2,11.60361772585376,11.0927978862963,12.29676033990965
Technology,Latin America,2018,36.3,60.9,11.581789928213194,11.070971149747159,12.274932441496304
Technology,Latin America,2019,38.2,62.2,11.661360125153529,11.150539961062737,12.354502564392408
Technology,Latin America,2020,37.6,61.3,11.774697246261914,11.263876753727162,12.467840963225889
Technology,Latin America,2021,34.5,62.1,11.925821561434493,11.415000569775023,12.618965433333788
Technology,Latin America,2022,34.8,61.6,11.932598494184202,11.421777909411807,12.625742717062169
Technology,Latin America,2023,37.4,63.0,12.074549520699556,11.563727888900587,12.767693564702805
Technology,Latin America,2024,37.4,60.2,12.198239546758515,11.687417282533074,12.891384207655642
Technology,Latin America,2025,38.3,64.9,12.353866161341548,11.843043269167664,13.047011185376139
Technology,Latin America,2015,48.4,80.7,9.796447850055124,9.285661179775893,10.489569988286577
Technology,Latin America,2016,48.1,80.9,9.891374484652326,9.38058091295239,10.58449382968984
Technology,Latin America,2017,48.5,80.0,10.111139729732294,9.600339834472338,10.804268629109364
Technology,Latin America,2018,48.7,81.0,10.132171726214805,9.62136996955676,10.825297028092045
Technology,Latin America,2019,49.5,79.6,10.22037642353585,9.709575079865038,10.913503572573461
Technology,Latin America,2020,51.7,81.5,10.296556140307741,9.785756390534283,10.989688133647226
Technology,Latin America,2021,51.6,82.4,10.53292786603836,10.022119116979004,11.226063056502124
Technology,Latin America,2022,50.1,78.8,10.760497384395205,10.249683786053792,11.453632893081236
Technology,Latin America,2023,49.8,80.2,10.951749961310378,10.44093660659055,11.644887501799882
Technology,Latin America,2024,51.5,82.9,10.99775876568902,10.486942627410652,11.690896739660229
Technology,Latin America,2025,51.9,81.9,11.178150387359581,10.667333149314386,11.871290579765146
Technology,Middle East,2015,53.7,87.8,12.098300891839699,11.587478980711806,12.791445566361135
Technology,Middle East,2016,52.4,88.3,12.079615031776907,11.568793379807754,12.772759375329452
Technology,Middle East,2017,52.3,87.7,12.049683712682436,11.538862181391174,12.742827970035894
Technology,Middle East,2018,53.3,88.0,12.095130470241418,11.584308943344785,12.788274857471723
Technology,Middle East,2019,53.8,91.7,12.0609277912454,11.550105636094512,12.754071792230931
Technology,Middle East,2020,53.7,89.9,12.01647145639082,11.505650063301891,12.709615917220345
Technology,Middle East,2021,54.3,88.5,12.165691178963229,11.654868505281893,12.858835756500076
Technology,Middle East,2022,53.0,86.5,12.258797439832643,11.747975452517391,12.951942485947953
Technology,Middle East,2023,52.4,85.0,12.354979170209644,11.84415684942854,13.048124412055989
Technology,Middle East,2024,53.1,86.3,12.373695453055214,11.862872930084523,13.066840519431036
Technology,Middle East,2025,52.7,88.0,12.372222475324262,11.861399674618724,13.065367326853336
Technology,Europe,2015,86.7,89.1,12.601966764159465,12.091143720522322,13.295112430292857
Technology,Europe,2016,88.1,91.0,12.639163621003167,12.128340266989822,13.332309342433692
Technology,Europe,2017,89.3,92.3,12.694077955360264,12.183254275449494,13.387223601294998
Technology,Europe,2018,88.5,93.4,12.865929811525428,12.355105824687781,13.559075699771627
Technology,Europe,2019,89.5,96.1,12.936927375757985,12.426103356981587,13.6300734729485
Technology,Europe,2020,90.4,95.1,13.054878225879047,12.54405409985206,13.748024336624047
Technology,Europe,2021,91.7,95.4,13.182832504779189,12.672008010599955,13.875978649883486
Technology,Europe,2022,92.6,97.4,13.247539637919358,12.736715308253201,13.940686024371757
Technology,Europe,2023,94.0,97.3,13.385753115893559,12.87492867040514,14.078899604855152
Technology,Europe,2024,94.7,99.6,13.432880093588373,12.92205534950368,14.12602654107998
Technology,Europe,2025,94.1,97.2,13.628492670653243,13.1176677702763,14.3216391881061
Technology,Africa,2015,41.0,97.6,11.823590396533627,11.312769414833229,12.516733912289725
Technology,Africa,2016,41.2,95.1,11.856988107152985,11.34616697297888,12.550131743284046
Technology,Africa,2017,40.6,93.0,11.901223389946455,11.39040183543373,12.594367179449364
Technology,Africa,2018,42.5,95.7,11.770114824221352,11.259294355253962,12.463257752052446
Technology,Africa,2019,42.0,95.4,11.899113967408576,11.388292648035184,12.592258089573047
Technology,Africa,2020,42.9,98.9,11.911702927208575,11.400881553987128,12.604846752062695
Technology,Africa,2021,42.1,96.5,12.006424649155212,11.495603298785225,12.699568472034057
Technology,Africa,2022,42.4,95.2,12.090326721053152,11.57950502676648,12.78347081415423
Technology,Africa,2023,43.7,97.1,12.071030397853026,11.560208780126999,12.76417500309309
Technology,Africa,2024,44.4,99.3,12.001643507072512,11.490821972713219,12.694787927273481
Technology,Africa,2025,44.1,97.4,12.067738882820754,11.55691651273264,12.760882905389106
Technology,Europe,2015,76.0,75.1,11.158881343096663,10.648064268202436,11.852020687126624
Technology,Europe,2016,76.0,76.8,11.23750787533843,10.726691032070951,11.930648470473894
Technology,Europe,2017,76.9,75.6,11.293842408676793,10.78302508444084,11.986983987015021
Technology,Europe,2018,75.6,73.4,11.410732150653143,10.899913910843662,12.103873239407923
Technology,Europe,2019,74.8,72.1,11.518875726996725,11.008057061678365,12.212018434243339
Technology,Europe,2020,75.6,73.1,11.66699156979255,11.156171946516029,12.36013403565694
Technology,Europe,2021,77.0,76.6,11.752050233638492,11.241229596198815,12.445193477607472
Technology,Europe,2022,76.5,75.0,11.988111268526104,11.477289997137273,12.6812556511193
Technology,Europe,2023,76.3,76.0,12.072482394030644,11.561660389518742,12.765626717275477
Technology,Europe,2024,76.2,76.6,12.189960031752387,11.679137964830998,12.883104417639842
Technology,Europe,2025,77.6,78.2,12.296338304927465,11.785515726784915,12.98948297284109
